time_s,x_m,y_m,z_m,roll_deg,pitch_deg,yaw_deg
0.0,-1.198164463043213,1.1972702741622925,1.8696630001068115,-2.473937749862671,-0.3094538748264313,-0.48513853549957275
0.1006014347076416,-1.2125226259231567,1.2048107385635376,1.8285423517227173,-2.481541395187378,-0.3211885988712311,-0.47435906529426575
0.20218968391418457,-1.1736469268798828,1.2129031419754028,1.8240426778793335,-2.4894373416900635,-0.4743800461292267,-0.4875714182853699
0.30097436904907227,-1.1789976358413696,1.2041902542114258,1.840407371520996,-2.4677047729492188,-0.46134012937545776,-0.4784950613975525
0.4000527858734131,-1.193989872932434,1.2060301303863525,1.7962253093719482,-2.463998317718506,-0.4520293176174164,-0.47119444608688354
0.5019564628601074,-1.2082444429397583,1.19822359085083,1.8070014715194702,-2.4331929683685303,-0.4257265031337738,-0.459138959646225
0.601830244064331,-1.2297993898391724,1.165499210357666,1.8778724670410156,-2.346907615661621,-0.3671300709247589,-0.4586842656135559
0.7004280090332031,-1.2220923900604248,1.1831449270248413,1.8627182245254517,-2.385697603225708,-0.435266375541687,-0.437127023935318
0.8009426593780518,-1.1944279670715332,1.1742383241653442,1.8852652311325073,-2.360409736633301,-0.5487744808197021,-0.4039643406867981
0.9008922576904297,-1.1975847482681274,1.1855487823486328,1.8428343534469604,-2.3689534664154053,-0.5875755548477173,-0.38437560200691223
1.0010161399841309,-1.1970456838607788,1.1970908641815186,1.8246923685073853,-2.390728712081909,-0.6093271970748901,-0.3672705590724945
1.1013526916503906,-1.2071733474731445,1.1873050928115845,1.8255406618118286,-2.3636598587036133,-0.5891172885894775,-0.3702007830142975
1.2006549835205078,-1.2081990242004395,1.167850136756897,1.8762853145599365,-2.3182084560394287,-0.5858910083770752,-0.3708106577396393
1.3008379936218262,-1.1766895055770874,1.1525084972381592,1.8755626678466797,-2.2930991649627686,-0.709784746170044,-0.32885852456092834
1.3999099731445312,-1.189755916595459,1.1247828006744385,1.9101495742797852,-2.2409958839416504,-0.661065399646759,-0.3468511998653412
1.501030445098877,-1.1967990398406982,1.1382300853729248,1.8855750560760498,-2.2835068702697754,-0.6514970064163208,-0.32940566539764404
1.6021695137023926,-1.201021671295166,1.1466070413589478,1.883493423461914,-2.2986814975738525,-0.6584751009941101,-0.31306618452072144
1.7002441883087158,-1.1968642473220825,1.162164568901062,1.8508427143096924,-2.3328168392181396,-0.6984274387359619,-0.2777714133262634
1.8015546798706055,-1.1751816272735596,1.2062385082244873,1.8215714693069458,-2.436180830001831,-0.7695901989936829,-0.2092921882867813
1.9010584354400635,-1.1784864664077759,1.2025136947631836,1.8155959844589233,-2.4252800941467285,-0.7574682831764221,-0.2060687392950058
2.0000576972961426,-1.1451385021209717,1.1870630979537964,1.8754273653030396,-2.3847596645355225,-0.8347576260566711,-0.20509809255599976
2.101530075073242,-1.167900800704956,1.1886929273605347,1.8784854412078857,-2.3844308853149414,-0.744804859161377,-0.1991589516401291
2.2014663219451904,-1.187506079673767,1.1809049844741821,1.8473851680755615,-2.3584091663360596,-0.689730703830719,-0.2018965184688568
2.3004701137542725,-1.1939188241958618,1.1886566877365112,1.8136721849441528,-2.372098207473755,-0.6847522854804993,-0.18458257615566254
2.401432752609253,-1.190849781036377,1.1773661375045776,1.821628212928772,-2.350642204284668,-0.7012060284614563,-0.1882297396659851
2.5012710094451904,-1.1802657842636108,1.183477759361267,1.8108601570129395,-2.3737521171569824,-0.7364985942840576,-0.1806039959192276
2.601536989212036,-1.1652796268463135,1.1920145750045776,1.7925498485565186,-2.3939077854156494,-0.7898614406585693,-0.17710135877132416
2.7014541625976562,-1.1338034868240356,1.172960877418518,1.8441767692565918,-2.3417587280273438,-0.8717681169509888,-0.21134833991527557
2.801276206970215,-1.148492693901062,1.1865386962890625,1.8208067417144775,-2.381488561630249,-0.8013509511947632,-0.17356641590595245
2.9004571437835693,-1.1529040336608887,1.1603596210479736,1.884583592414856,-2.3258140087127686,-0.7489402294158936,-0.17006327211856842
3.003345489501953,-1.1597445011138916,1.1698907613754272,1.8743549585342407,-2.3593461513519287,-0.7143105864524841,-0.14257380366325378
3.1020448207855225,-1.1338598728179932,1.1286120414733887,1.9524672031402588,-2.273320436477661,-0.7618288397789001,-0.17562928795814514
3.2022557258605957,-1.1437839269638062,1.1306854486465454,1.960497260093689,-2.300009250640869,-0.7129054665565491,-0.15505702793598175
3.301696538925171,-1.1297589540481567,1.121773362159729,1.989438533782959,-2.292966842651367,-0.7312424778938293,-0.15703082084655762
3.401320219039917,-1.1247369050979614,1.1281170845031738,1.9535740613937378,-2.331786632537842,-0.7405902147293091,-0.14927490055561066
3.5021345615386963,-1.1443949937820435,1.118484377861023,1.9603739976882935,-2.324608087539673,-0.6551368236541748,-0.12656167149543762
3.600944757461548,-1.1430799961090088,1.13069486618042,1.9606636762619019,-2.365429401397705,-0.6416219472885132,-0.11778109520673752
3.700577974319458,-1.1526416540145874,1.1405024528503418,1.936768889427185,-2.4009761810302734,-0.6084511876106262,-0.10279443114995956
3.8021111488342285,-1.1548607349395752,1.147409200668335,1.9191920757293701,-2.426920175552368,-0.5942668914794922,-0.09483430534601212
3.9009926319122314,-1.1589667797088623,1.1493394374847412,1.919559359550476,-2.44081449508667,-0.5761651396751404,-0.08700008690357208
4.000491380691528,-1.1444194316864014,1.1628800630569458,1.8836374282836914,-2.478147506713867,-0.6218776702880859,-0.11200527846813202
4.101234197616577,-1.1201497316360474,1.1377630233764648,1.9116861820220947,-2.422764301300049,-0.6714012026786804,-0.13519184291362762
4.201783895492554,-1.1055881977081299,1.1513638496398926,1.8938202857971191,-2.457040786743164,-0.6921886801719666,-0.15034060180187225
4.302007436752319,-1.1026055812835693,1.117180347442627,1.987593650817871,-2.383466958999634,-0.6413012742996216,-0.11132745444774628
4.402764558792114,-1.1273255348205566,1.1355562210083008,1.9595314264297485,-2.4331917762756348,-0.557228147983551,-0.07501431554555893
4.502597332000732,-1.1264877319335938,1.1447232961654663,1.9688916206359863,-2.4647672176361084,-0.5377429127693176,-0.07562652230262756
4.601863384246826,-1.1326245069503784,1.1528667211532593,1.9369391202926636,-2.4917309284210205,-0.5195551514625549,-0.07515467703342438
4.701676607131958,-1.1288446187973022,1.1483585834503174,1.922865867614746,-2.4887495040893555,-0.5233889818191528,-0.07995662093162537
4.802024602890015,-1.1315504312515259,1.1645420789718628,1.9223968982696533,-2.524787425994873,-0.5029339790344238,-0.07869742810726166
4.901178598403931,-1.1598598957061768,1.1804192066192627,1.8966447114944458,-2.5680346488952637,-0.42369842529296875,-0.03801083192229271
5.003528833389282,-1.1714706420898438,1.164984941482544,1.898123860359192,-2.5251872539520264,-0.39776211977005005,-0.006723335478454828
5.1013548374176025,-1.143298625946045,1.192394733428955,1.879978895187378,-2.588028907775879,-0.498709112405777,-0.0984407588839531
5.201717376708984,-1.1626386642456055,1.1928654909133911,1.8362290859222412,-2.5871424674987793,-0.44993147253990173,-0.07059362530708313
5.301983594894409,-1.1718353033065796,1.1856791973114014,1.813455581665039,-2.565157651901245,-0.4262999892234802,-0.06049472838640213
5.401920318603516,-1.177830457687378,1.1854966878890991,1.822346568107605,-2.556307554244995,-0.41734692454338074,-0.05279398337006569
5.501154184341431,-1.1467204093933105,1.166812777519226,1.8573071956634521,-2.5018370151519775,-0.5186644196510315,-0.10228338092565536
5.601530075073242,-1.1411774158477783,1.16933012008667,1.8382892608642578,-2.513273000717163,-0.5391774773597717,-0.12297536432743073
5.701541900634766,-1.1605373620986938,1.1731206178665161,1.7977381944656372,-2.52636981010437,-0.49411144852638245,-0.10191038250923157
5.801129579544067,-1.1654384136199951,1.1652119159698486,1.8063318729400635,-2.5079152584075928,-0.4804551601409912,-0.09029191732406616
5.901012659072876,-1.1863627433776855,1.17827308177948,1.7674274444580078,-2.5348398685455322,-0.4405140280723572,-0.07796409726142883
6.00203275680542,-1.193235993385315,1.12773859500885,1.8635854721069336,-2.416996955871582,-0.39192068576812744,-0.024764245375990868
6.102645397186279,-1.1786775588989258,1.1403183937072754,1.892177939414978,-2.451392889022827,-0.4433254897594452,-0.057104941457509995
6.2024781703948975,-1.159806251525879,1.1622685194015503,1.872851014137268,-2.511862277984619,-0.5182120203971863,-0.10041338950395584
6.302795886993408,-1.1712692975997925,1.1684447526931763,1.8551239967346191,-2.5263171195983887,-0.4980712831020355,-0.09655295312404633
6.402318954467773,-1.1827505826950073,1.1798875331878662,1.8195016384124756,-2.5500597953796387,-0.4897697865962982,-0.09984250366687775
6.501743316650391,-1.2026121616363525,1.178236484527588,1.792770266532898,-2.5362815856933594,-0.45512765645980835,-0.08843985944986343
6.602788925170898,-1.2056232690811157,1.1880700588226318,1.7704055309295654,-2.557694911956787,-0.4714305102825165,-0.09279559552669525
6.702590465545654,-1.2175824642181396,1.1859067678451538,1.7596522569656372,-2.5359442234039307,-0.46379974484443665,-0.08793755620718002
6.80174446105957,-1.2091432809829712,1.2178387641906738,1.7363766431808472,-2.586599826812744,-0.5321824550628662,-0.11063621938228607
6.902343988418579,-1.2045029401779175,1.2101904153823853,1.7467018365859985,-2.5574283599853516,-0.556829035282135,-0.11586091667413712
7.0020363330841064,-1.1979756355285645,1.215977668762207,1.7256622314453125,-2.55778169631958,-0.5983425378799438,-0.12863068282604218
7.104483127593994,-1.205643892288208,1.2173882722854614,1.6816951036453247,-2.5470824241638184,-0.5998364686965942,-0.12291473150253296
7.201380014419556,-1.2038671970367432,1.2329879999160767,1.6425315141677856,-2.5633602142333984,-0.633567214012146,-0.12681421637535095
7.302113056182861,-1.2033852338790894,1.239715576171875,1.6109957695007324,-2.569337844848633,-0.6435061693191528,-0.12798868119716644
7.40254807472229,-1.206278681755066,1.247551679611206,1.5744906663894653,-2.5732531547546387,-0.6504619121551514,-0.12948359549045563
7.506495714187622,-1.1957379579544067,1.2375531196594238,1.5805026292800903,-2.532742500305176,-0.6922517418861389,-0.14711600542068481
7.602242469787598,-1.2126215696334839,1.2295916080474854,1.59804105758667,-2.497164726257324,-0.6438845992088318,-0.1318751722574234
7.703861713409424,-1.2086669206619263,1.2417768239974976,1.5628631114959717,-2.5187366008758545,-0.6696284413337708,-0.12982408702373505
7.802131175994873,-1.2208794355392456,1.2310118675231934,1.5657137632369995,-2.480963945388794,-0.6399715542793274,-0.12554359436035156
7.9017653465271,-1.2208564281463623,1.2306931018829346,1.5787030458450317,-2.4699039459228516,-0.6541354060173035,-0.12506955862045288
8.002871036529541,-1.1819127798080444,1.22776198387146,1.5659425258636475,-2.459686517715454,-0.785197913646698,-0.14976805448532104
8.10202431678772,-1.188073992729187,1.2101303339004517,1.6522544622421265,-2.398632764816284,-0.7605648636817932,-0.152854785323143
8.204153299331665,-1.1799383163452148,1.2283656597137451,1.6328450441360474,-2.429215669631958,-0.7901782989501953,-0.13658040761947632
8.301714658737183,-1.161750078201294,1.2486903667449951,1.597582221031189,-2.466797351837158,-0.8444749116897583,-0.1149558499455452
8.403156042098999,-1.1664692163467407,1.2578767538070679,1.5858347415924072,-2.470018148422241,-0.8263249397277832,-0.1041078045964241
8.502676010131836,-1.1541459560394287,1.271513819694519,1.5261701345443726,-2.498074531555176,-0.8598504662513733,-0.08942193537950516
8.603370904922485,-1.1824392080307007,1.2628370523452759,1.6176609992980957,-2.4413340091705322,-0.7709511518478394,-0.09485790878534317
8.702817440032959,-1.1820027828216553,1.2573672533035278,1.6285064220428467,-2.419058322906494,-0.7785093188285828,-0.09848789125680923
8.804004192352295,-1.1811254024505615,1.2527904510498047,1.647912621498108,-2.4010043144226074,-0.7777557373046875,-0.09587922692298889
8.901965618133545,-1.1907474994659424,1.2435325384140015,1.6898090839385986,-2.3536343574523926,-0.7551771998405457,-0.10467155277729034
9.002330541610718,-1.187074899673462,1.2473828792572021,1.649715781211853,-2.3689768314361572,-0.7719813585281372,-0.09145884215831757
9.103977680206299,-1.1815491914749146,1.2441129684448242,1.6036299467086792,-2.37113356590271,-0.7848477363586426,-0.08581061661243439
9.203147888183594,-1.1396760940551758,1.2433198690414429,1.5623332262039185,-2.387559652328491,-0.9012243151664734,-0.08026091009378433
9.301756381988525,-1.1577258110046387,1.203830361366272,1.6796923875808716,-2.28118634223938,-0.8255472183227539,-0.11541900783777237
9.403931617736816,-1.1716270446777344,1.2051600217819214,1.6632872819900513,-2.287576198577881,-0.7712835669517517,-0.10277997702360153
9.503085613250732,-1.1843044757843018,1.202979326248169,1.648466944694519,-2.2878096103668213,-0.7252143621444702,-0.09730549901723862
9.602694034576416,-1.2060678005218506,1.1803278923034668,1.6471256017684937,-2.240668296813965,-0.6556713581085205,-0.10835245251655579
9.702914953231812,-1.2033106088638306,1.184212565422058,1.6128963232040405,-2.260819435119629,-0.6748608350753784,-0.09364771842956543
9.801994323730469,-1.2001324892044067,1.1838810443878174,1.648237943649292,-2.2608718872070312,-0.687090277671814,-0.08676302433013916
9.903738021850586,-1.2042616605758667,1.1826053857803345,1.6135623455047607,-2.26920747756958,-0.678826093673706,-0.080678790807724
10.002687692642212,-1.2045260667800903,1.1674538850784302,1.6601485013961792,-2.2389731407165527,-0.6739936470985413,-0.08606245368719101
10.104548692703247,-1.2009931802749634,1.1810576915740967,1.6642743349075317,-2.2804315090179443,-0.6804781556129456,-0.07882727682590485
10.202964067459106,-1.197265625,1.1830265522003174,1.680782675743103,-2.290187120437622,-0.6841937899589539,-0.07531026750802994
10.302176237106323,-1.2047079801559448,1.1849967241287231,1.6669490337371826,-2.307626724243164,-0.6668642163276672,-0.07158830761909485
10.402531623840332,-1.2077628374099731,1.1582406759262085,1.723132610321045,-2.2553162574768066,-0.6486499309539795,-0.06795850396156311
10.502912282943726,-1.2291679382324219,1.1248064041137695,1.7265653610229492,-2.1923370361328125,-0.5856189131736755,-0.05493692308664322
10.602874994277954,-1.2058640718460083,1.1488865613937378,1.7724690437316895,-2.2446980476379395,-0.6624369621276855,-0.06511802226305008
10.702935218811035,-1.2171590328216553,1.1418328285217285,1.7713252305984497,-2.2359731197357178,-0.6261820793151855,-0.06225546821951866
10.803354024887085,-1.1799503564834595,1.1397738456726074,1.7979713678359985,-2.2524237632751465,-0.729314923286438,-0.0761764720082283
10.903389692306519,-1.163707971572876,1.1331477165222168,1.8326140642166138,-2.2575769424438477,-0.7631779909133911,-0.0761832520365715
11.00282883644104,-1.1719563007354736,1.1185120344161987,1.8712584972381592,-2.239405632019043,-0.7178413271903992,-0.06139172986149788
11.102807521820068,-1.1518290042877197,1.1299227476119995,1.8461652994155884,-2.289523124694824,-0.7669823169708252,-0.07701753824949265
11.203612565994263,-1.1493844985961914,1.1441468000411987,1.792375922203064,-2.341937303543091,-0.7663639187812805,-0.07830440253019333
11.303475618362427,-1.1428217887878418,1.1593996286392212,1.8061598539352417,-2.3847641944885254,-0.7584641575813293,-0.07435914874076843
11.403223276138306,-1.1391167640686035,1.158007025718689,1.779329538345337,-2.4027702808380127,-0.7540339827537537,-0.07017707824707031
11.50294804573059,-1.1072463989257812,1.1005316972732544,1.8677202463150024,-2.2867236137390137,-0.7927753329277039,-0.08442368358373642
11.603302955627441,-1.1320216655731201,1.11415433883667,1.8660213947296143,-2.3318378925323486,-0.6921929717063904,-0.024275759235024452
11.703396081924438,-1.1041216850280762,1.1200774908065796,1.9177756309509277,-2.355621814727783,-0.7263868451118469,-0.041219282895326614
11.80356478691101,-1.1111303567886353,1.1190015077590942,1.884830355644226,-2.379709482192993,-0.6880708932876587,-0.014858708716928959
11.90304446220398,-1.1198713779449463,1.139575481414795,1.8947975635528564,-2.4360158443450928,-0.6359571218490601,0.02451999858021736
12.0030517578125,-1.1212221384048462,1.1452327966690063,1.9027845859527588,-2.4580585956573486,-0.6116679906845093,0.04986502602696419
12.10303544998169,-1.1143712997436523,1.1678471565246582,1.8703837394714355,-2.523094654083252,-0.6224126815795898,0.043414607644081116
12.202954769134521,-1.1203490495681763,1.1580700874328613,1.8764045238494873,-2.504019021987915,-0.5811823606491089,0.07711966335773468
12.304289102554321,-1.1309947967529297,1.1445432901382446,1.8275831937789917,-2.4897873401641846,-0.5407196283340454,0.10840743780136108
12.40355134010315,-1.142914056777954,1.1501920223236084,1.7948358058929443,-2.5181822776794434,-0.4917241334915161,0.142152339220047
12.503922700881958,-1.163588047027588,1.1436384916305542,1.8190263509750366,-2.512152671813965,-0.41029849648475647,0.21703004837036133
12.6030433177948,-1.1740477085113525,1.1512805223464966,1.7748253345489502,-2.5478055477142334,-0.38898128271102905,0.22646576166152954
12.703896522521973,-1.1777204275131226,1.1140567064285278,1.844759225845337,-2.4644389152526855,-0.3586466908454895,0.28139930963516235
12.80315351486206,-1.1818172931671143,1.1347575187683105,1.8194211721420288,-2.5252554416656494,-0.36300018429756165,0.2560272216796875
12.903920650482178,-1.1985833644866943,1.1319568157196045,1.7797386646270752,-2.525057077407837,-0.3307206928730011,0.27264782786369324
13.002692699432373,-1.1846767663955688,1.1370129585266113,1.799851894378662,-2.5414538383483887,-0.3747798800468445,0.22448253631591797
13.103736400604248,-1.2017221450805664,1.1030335426330566,1.8301271200180054,-2.4741628170013428,-0.31770920753479004,0.28846612572669983
13.20479702949524,-1.2127240896224976,1.0867611169815063,1.8278366327285767,-2.452578544616699,-0.3070278763771057,0.3025636374950409
13.30305552482605,-1.200710654258728,1.1176047325134277,1.8466325998306274,-2.527954578399658,-0.3641982972621918,0.23101162910461426
13.403416633605957,-1.2078304290771484,1.1304996013641357,1.852629542350769,-2.55810546875,-0.3596794307231903,0.22005672752857208
13.5036039352417,-1.2060357332229614,1.14029860496521,1.8832933902740479,-2.564826250076294,-0.3813791871070862,0.19623973965644836
13.603579044342041,-1.2205349206924438,1.143601655960083,1.8632960319519043,-2.5580484867095947,-0.36675751209259033,0.19178038835525513
13.702864170074463,-1.193808674812317,1.1500946283340454,1.9034833908081055,-2.572603940963745,-0.45663344860076904,0.1313694715499878
13.80434513092041,-1.2035880088806152,1.1539812088012695,1.8894433975219727,-2.57080078125,-0.4466276466846466,0.12790769338607788
13.905179977416992,-1.1742949485778809,1.153105616569519,1.9004405736923218,-2.563154697418213,-0.5495789051055908,0.06485900282859802
14.003292560577393,-1.161155343055725,1.1568292379379272,1.9071087837219238,-2.574201822280884,-0.5957751870155334,0.03507186472415924
14.103275775909424,-1.1665096282958984,1.162213921546936,1.8965482711791992,-2.5840003490448,-0.5813884735107422,0.04053080081939697
14.205089569091797,-1.1602524518966675,1.1728899478912354,1.8603981733322144,-2.6019952297210693,-0.6104679107666016,0.023590192198753357
14.302980184555054,-1.1753160953521729,1.1848737001419067,1.828216791152954,-2.6168899536132812,-0.5702792406082153,0.044442642480134964
14.403584003448486,-1.167700171470642,1.2075893878936768,1.8002612590789795,-2.6517622470855713,-0.6123799085617065,0.02920520305633545
14.50424861907959,-1.1781374216079712,1.2199984788894653,1.7497036457061768,-2.65464448928833,-0.5940552949905396,0.0388462133705616
14.603540658950806,-1.1963000297546387,1.2070120573043823,1.740308403968811,-2.597115993499756,-0.5456717610359192,0.061127275228500366
14.70324420928955,-1.1731398105621338,1.1954948902130127,1.7965866327285767,-2.5425829887390137,-0.6116247177124023,0.02318749390542507
14.805017232894897,-1.178610920906067,1.1950798034667969,1.801796317100525,-2.519976854324341,-0.59322589635849,0.026558687910437584
14.903501749038696,-1.1757283210754395,1.1952292919158936,1.809561014175415,-2.5081257820129395,-0.5965138673782349,0.02409614995121956
15.003015995025635,-1.1743582487106323,1.183854579925537,1.8753682374954224,-2.4644548892974854,-0.5904183983802795,0.025002527981996536
15.103954315185547,-1.1769565343856812,1.1725279092788696,1.8498804569244385,-2.4363369941711426,-0.5871874094009399,0.02285030111670494
15.202909708023071,-1.1841564178466797,1.1676169633865356,1.8240077495574951,-2.4323513507843018,-0.5710525512695312,0.03264899179339409
15.30430293083191,-1.1868619918823242,1.1869292259216309,1.7998063564300537,-2.474860429763794,-0.569025993347168,0.04801174998283386
15.404301166534424,-1.192338228225708,1.176024079322815,1.8278934955596924,-2.4385170936584473,-0.5449183583259583,0.043852299451828
15.504326105117798,-1.2142510414123535,1.166110634803772,1.827277660369873,-2.414910078048706,-0.486856073141098,0.0490412600338459
15.604752779006958,-1.230626106262207,1.1349656581878662,1.879468560218811,-2.337775707244873,-0.4490368366241455,0.034146349877119064
15.704294681549072,-1.2119001150131226,1.1449044942855835,1.910919427871704,-2.3668553829193115,-0.5146044492721558,0.05496533215045929
15.803941249847412,-1.2186641693115234,1.1421605348587036,1.9239428043365479,-2.3633792400360107,-0.49868184328079224,0.05454009771347046
15.903991222381592,-1.2083381414413452,1.1426013708114624,1.9590141773223877,-2.3576772212982178,-0.5367458462715149,0.06206277757883072
16.003882884979248,-1.1973875761032104,1.1616733074188232,1.9490898847579956,-2.39827823638916,-0.5863770246505737,0.08198722451925278
16.107446908950806,-1.1578550338745117,1.1561964750289917,1.9427945613861084,-2.3838090896606445,-0.6992703080177307,0.11027024686336517
16.209192752838135,-1.1480351686477661,1.1776381731033325,1.9197133779525757,-2.4327499866485596,-0.734545111656189,0.1374007612466812
16.304655075073242,-1.1431853771209717,1.1809738874435425,1.8800139427185059,-2.4415435791015625,-0.7514284253120422,0.14927823841571808
16.404914140701294,-1.1236248016357422,1.1763337850570679,1.8850079774856567,-2.431391716003418,-0.7820307016372681,0.15694691240787506
16.504738092422485,-1.1420402526855469,1.176202416419983,1.8515456914901733,-2.4291749000549316,-0.7179328203201294,0.16060557961463928
16.60520911216736,-1.150922179222107,1.1583528518676758,1.8962757587432861,-2.3882110118865967,-0.6637270450592041,0.14871053397655487
16.703070163726807,-1.1540776491165161,1.1641356945037842,1.8826550245285034,-2.4100003242492676,-0.6408299803733826,0.16218934953212738
16.80381464958191,-1.0642586946487427,1.1410506963729858,1.9268805980682373,-2.3677573204040527,-0.8952779769897461,0.1439027637243271
16.904330253601074,-1.0722507238388062,1.1483348608016968,1.886846661567688,-2.3889670372009277,-0.8359917998313904,0.16553744673728943
17.004153728485107,-1.0731134414672852,1.137938141822815,1.8861494064331055,-2.3703315258026123,-0.7940422892570496,0.16804395616054535
17.10461401939392,-1.1060460805892944,1.1348206996917725,1.9417372941970825,-2.3681864738464355,-0.6432276368141174,0.1820565015077591
17.205780267715454,-1.11919367313385,1.1372488737106323,1.896606206893921,-2.388111114501953,-0.6046112179756165,0.20150445401668549
17.304346084594727,-1.1270638704299927,1.1336627006530762,1.9315892457962036,-2.386871337890625,-0.5592651963233948,0.21083495020866394
17.403467893600464,-1.14217209815979,1.1302286386489868,1.9034219980239868,-2.394279956817627,-0.5162251591682434,0.21856263279914856
17.504521131515503,-1.1710209846496582,1.1228539943695068,1.8806103467941284,-2.3981387615203857,-0.43076568841934204,0.2314085066318512
17.605664491653442,-1.1771811246871948,1.1415305137634277,1.8629591464996338,-2.459502935409546,-0.433829665184021,0.24317438900470734
17.704190015792847,-1.1966578960418701,1.1388874053955078,1.8456286191940308,-2.452655553817749,-0.3945801258087158,0.24995887279510498
17.80692219734192,-1.1694860458374023,1.1144466400146484,1.902687668800354,-2.412538766860962,-0.4630239009857178,0.229007750749588
17.904374361038208,-1.1780840158462524,1.1249853372573853,1.8734830617904663,-2.447540283203125,-0.4534105062484741,0.2227156013250351
18.004841327667236,-1.1846747398376465,1.1443041563034058,1.8414007425308228,-2.507362127304077,-0.4442080855369568,0.21256612241268158
18.103773593902588,-1.1964290142059326,1.1373801231384277,1.8348069190979004,-2.5040295124053955,-0.4351350665092468,0.21276700496673584
18.204642295837402,-1.183186650276184,1.1626933813095093,1.845589518547058,-2.565821409225464,-0.47534433007240295,0.17847192287445068
18.306321144104004,-1.189231276512146,1.150500774383545,1.8770132064819336,-2.539245843887329,-0.44924306869506836,0.19015225768089294
18.403568983078003,-1.1979343891143799,1.127336025238037,1.9502661228179932,-2.4799423217773438,-0.4153331220149994,0.22315476834774017
18.505128145217896,-1.1941415071487427,1.1468384265899658,1.933167815208435,-2.524780035018921,-0.4605514705181122,0.17934690415859222
18.60499930381775,-1.1616812944412231,1.1338236331939697,1.9936726093292236,-2.483013391494751,-0.549802303314209,0.1350184977054596
18.705071449279785,-1.1605647802352905,1.1419841051101685,1.9774770736694336,-2.5159125328063965,-0.567550539970398,0.1133941039443016
18.80429482460022,-1.1619575023651123,1.123071312904358,2.0017189979553223,-2.4695305824279785,-0.5652046799659729,0.1268441379070282
18.903971433639526,-1.1762627363204956,1.0978354215621948,2.027981758117676,-2.412675142288208,-0.5104358196258545,0.16477404534816742
19.004361867904663,-1.168234944343567,1.1182198524475098,2.0139079093933105,-2.472106695175171,-0.543559193611145,0.1219991147518158
19.104959726333618,-1.1421955823898315,1.134673833847046,1.9937595129013062,-2.5193593502044678,-0.6339664459228516,0.06431014835834503
19.204903602600098,-1.145575761795044,1.13569176197052,1.9792535305023193,-2.5178074836730957,-0.6189749836921692,0.06622759252786636
19.304675817489624,-1.1552737951278687,1.1597540378570557,1.9443119764328003,-2.5733227729797363,-0.5992845296859741,0.07271517068147659
19.404748916625977,-1.1715161800384521,1.150766134262085,1.9218430519104004,-2.5364789962768555,-0.5680573582649231,0.09367593377828598
19.505290269851685,-1.1681241989135742,1.1617487668991089,1.8869303464889526,-2.5512797832489014,-0.6100323796272278,0.06752228736877441
19.60589623451233,-1.1537399291992188,1.1576170921325684,1.925013780593872,-2.540354013442993,-0.6310941576957703,0.05553973838686943
19.705564260482788,-1.1202367544174194,1.1677154302597046,1.9291081428527832,-2.560682773590088,-0.7179214954376221,0.006637899670749903
19.804984092712402,-1.1351819038391113,1.1732110977172852,1.8977872133255005,-2.5781049728393555,-0.671566903591156,0.040967781096696854
19.90580129623413,-1.1455906629562378,1.1734875440597534,1.8563294410705566,-2.5768487453460693,-0.6354729533195496,0.05889890715479851
20.00462245941162,-1.159282922744751,1.1907082796096802,1.811149001121521,-2.6074397563934326,-0.5967334508895874,0.08573323488235474
20.10491704940796,-1.1662136316299438,1.2098511457443237,1.7641974687576294,-2.6388490200042725,-0.5958012938499451,0.0958990827202797
20.20526647567749,-1.1700040102005005,1.207284688949585,1.7517509460449219,-2.621722459793091,-0.5880990028381348,0.0969342514872551
20.30506682395935,-1.1856721639633179,1.2145494222640991,1.7015873193740845,-2.616856813430786,-0.5606635808944702,0.11276791244745255
20.404271841049194,-1.2023168802261353,1.2265174388885498,1.670130968093872,-2.6127450466156006,-0.5352492332458496,0.13303504884243011
20.505189657211304,-1.217812180519104,1.1879215240478516,1.7131017446517944,-2.507582187652588,-0.47867757081985474,0.1604745239019394
20.607927560806274,-1.2087459564208984,1.1981325149536133,1.7213248014450073,-2.5240182876586914,-0.5108789801597595,0.1426537036895752
20.70540428161621,-1.2240633964538574,1.197541356086731,1.685257911682129,-2.5056586265563965,-0.4876568615436554,0.15210439264774323
20.805036067962646,-1.2406837940216064,1.1976847648620605,1.658632516860962,-2.5032246112823486,-0.45533934235572815,0.1626172810792923
20.90565586090088,-1.2445330619812012,1.2008556127548218,1.649725317955017,-2.5008792877197266,-0.46567079424858093,0.16205325722694397
21.005804300308228,-1.2532362937927246,1.2081509828567505,1.6201013326644897,-2.5046963691711426,-0.4723774492740631,0.16141340136528015
21.105375051498413,-1.2396008968353271,1.216217041015625,1.6351112127304077,-2.5131824016571045,-0.5220081806182861,0.14406968653202057
21.205789804458618,-1.2388466596603394,1.2280609607696533,1.5980281829833984,-2.5382080078125,-0.5421442985534668,0.1366855353116989
21.305257320404053,-1.2372009754180908,1.2439314126968384,1.5719808340072632,-2.555055618286133,-0.567284345626831,0.1279415339231491
21.404800415039062,-1.2377856969833374,1.2529511451721191,1.5985519886016846,-2.5502049922943115,-0.5729606747627258,0.1262170970439911
21.50470232963562,-1.2241740226745605,1.2649112939834595,1.5647586584091187,-2.5705065727233887,-0.6271565556526184,0.11088231950998306
21.60574698448181,-1.231140375137329,1.2590184211730957,1.5927292108535767,-2.545802354812622,-0.6049953103065491,0.11874949187040329
21.705767154693604,-1.2195206880569458,1.2662196159362793,1.58808434009552,-2.5511484146118164,-0.6528228521347046,0.11183106899261475
21.805910348892212,-1.2050697803497314,1.2827873229980469,1.5568821430206299,-2.5801289081573486,-0.7003265023231506,0.10375519096851349
21.905714511871338,-1.208951473236084,1.259602427482605,1.5785613059997559,-2.51401686668396,-0.6912054419517517,0.09877628833055496
22.004923343658447,-1.2362030744552612,1.2314729690551758,1.6950721740722656,-2.4174745082855225,-0.6108499765396118,0.10324327647686005
22.10591697692871,-1.2372567653656006,1.229719877243042,1.6805033683776855,-2.4114577770233154,-0.619300901889801,0.10712180286645889
22.2059268951416,-1.2331026792526245,1.225587248802185,1.7222487926483154,-2.39652943611145,-0.6427541971206665,0.10950727760791779
22.304693937301636,-1.2228232622146606,1.2245219945907593,1.737058162689209,-2.39418363571167,-0.6786996126174927,0.11316729336977005
22.404844522476196,-1.1810951232910156,1.2186216115951538,1.729143500328064,-2.3812408447265625,-0.8208415508270264,0.12534932792186737
22.505866527557373,-1.1777498722076416,1.225111484527588,1.7272392511367798,-2.3937206268310547,-0.8228339552879333,0.13815291225910187
22.604959726333618,-1.1173481941223145,1.2253367900848389,1.6945213079452515,-2.410689353942871,-0.9988486170768738,0.18132197856903076
22.705156564712524,-1.1322476863861084,1.2296661138534546,1.6721702814102173,-2.4166951179504395,-0.9255280494689941,0.18444103002548218
22.806077480316162,-1.1437170505523682,1.2185369729995728,1.6945321559906006,-2.373943567276001,-0.8688473701477051,0.1604466736316681
22.90631675720215,-1.1784491539001465,1.1914328336715698,1.7496567964553833,-2.285247564315796,-0.7486888766288757,0.09948056191205978
23.004815340042114,-1.1456845998764038,1.1987792253494263,1.7381031513214111,-2.314056158065796,-0.8454173803329468,0.1473003476858139
23.10599708557129,-1.140714406967163,1.196163296699524,1.7270519733428955,-2.31925630569458,-0.8410548567771912,0.15892182290554047
23.20615792274475,-1.1560866832733154,1.173804521560669,1.7918760776519775,-2.2687950134277344,-0.7699987888336182,0.12004406005144119
23.306008338928223,-1.1706045866012573,1.1793594360351562,1.7894176244735718,-2.293489933013916,-0.711898922920227,0.12518121302127838
23.406315326690674,-1.151117205619812,1.1517277956008911,1.8046447038650513,-2.246845006942749,-0.7516632080078125,0.12154991924762726
23.50592017173767,-1.1623351573944092,1.1537389755249023,1.787682056427002,-2.280334234237671,-0.7032306790351868,0.1318056583404541
23.605178833007812,-1.1702454090118408,1.1431729793548584,1.7816365957260132,-2.2725608348846436,-0.6624374985694885,0.12377988547086716
23.704984664916992,-1.1611218452453613,1.1394922733306885,1.7987399101257324,-2.2790985107421875,-0.6728889346122742,0.13038280606269836
23.805309534072876,-1.160341739654541,1.1395153999328613,1.7778147459030151,-2.3059377670288086,-0.6655758619308472,0.14461654424667358
23.9058358669281,-1.1624770164489746,1.0973010063171387,1.8930342197418213,-2.2170908451080322,-0.6195950508117676,0.12252066284418106
24.006580591201782,-1.1547436714172363,1.1191669702529907,1.8878021240234375,-2.296473503112793,-0.6285197734832764,0.13355441391468048
24.107091665267944,-1.1620198488235474,1.115408182144165,1.8687480688095093,-2.3160600662231445,-0.5966341495513916,0.13702552020549774
24.205780506134033,-1.1609957218170166,1.11905837059021,1.8804093599319458,-2.34535813331604,-0.5881773233413696,0.14057542383670807
24.306456565856934,-1.1533331871032715,1.1052219867706299,1.9048590660095215,-2.3258190155029297,-0.5894177556037903,0.1444607824087143
24.406619787216187,-1.1508442163467407,1.1196625232696533,1.8846791982650757,-2.380424737930298,-0.592332124710083,0.137630894780159
24.505463123321533,-1.166430950164795,1.1259430646896362,1.8856123685836792,-2.4152114391326904,-0.5332181453704834,0.1529572457075119
24.607835054397583,-1.1564407348632812,1.1180616617202759,1.913601279258728,-2.4051432609558105,-0.5451757311820984,0.14464186131954193
24.70677638053894,-1.1588484048843384,1.121681571006775,1.923342227935791,-2.4271926879882812,-0.529643714427948,0.15319295227527618
24.806252241134644,-1.1560895442962646,1.126420497894287,1.9010578393936157,-2.4578475952148438,-0.5425190925598145,0.1429329812526703
24.907591581344604,-1.1501109600067139,1.1240178346633911,1.913184642791748,-2.4587414264678955,-0.5531229376792908,0.13510601222515106
25.00791335105896,-1.1644487380981445,1.1177208423614502,1.899634838104248,-2.453765392303467,-0.4994787871837616,0.1757700890302658
25.10591983795166,-1.1700736284255981,1.127886414527893,1.8908088207244873,-2.483412742614746,-0.4754711985588074,0.1804438829421997
25.205821752548218,-1.1763492822647095,1.113884449005127,1.8855218887329102,-2.470851421356201,-0.4519062042236328,0.19768482446670532
25.305838584899902,-1.1896944046020508,1.1097888946533203,1.8646979331970215,-2.4674935340881348,-0.41703879833221436,0.22008220851421356
25.40624690055847,-1.190733790397644,1.1234062910079956,1.8654577732086182,-2.513780117034912,-0.4223692715167999,0.19124852120876312
25.5063636302948,-1.1990909576416016,1.1163415908813477,1.888575792312622,-2.491839647293091,-0.39842715859413147,0.21667087078094482
25.605913877487183,-1.193483591079712,1.117691159248352,1.8754088878631592,-2.500701904296875,-0.42739787697792053,0.17391477525234222
25.70748496055603,-1.1921011209487915,1.1222840547561646,1.8733060359954834,-2.5187225341796875,-0.43558692932128906,0.1474665254354477
25.80664086341858,-1.178658366203308,1.1272530555725098,1.8577607870101929,-2.537062644958496,-0.48506394028663635,0.0817696675658226
25.90772581100464,-1.129379153251648,1.1042345762252808,1.9362915754318237,-2.487370252609253,-0.5925561189651489,0.0017823580419644713
26.00630497932434,-1.130953073501587,1.1289538145065308,1.94110107421875,-2.550433874130249,-0.577360212802887,0.0009555385913699865
26.106102228164673,-1.1419939994812012,1.1374330520629883,1.9346941709518433,-2.5711312294006348,-0.5365045666694641,0.024397144094109535
26.20634698867798,-1.1631383895874023,1.142038345336914,1.8983298540115356,-2.582765579223633,-0.4748997092247009,0.07002390176057816
26.306430101394653,-1.1771745681762695,1.1359297037124634,1.8901814222335815,-2.562495231628418,-0.4362334907054901,0.10797791182994843
26.406782865524292,-1.186253309249878,1.1325466632843018,1.8602467775344849,-2.5616085529327393,-0.42054876685142517,0.1207759901881218
26.50707173347473,-1.17091965675354,1.1606565713882446,1.8751667737960815,-2.624032497406006,-0.46565335988998413,0.06926437467336655
26.606163501739502,-1.1795806884765625,1.1827723979949951,1.8524210453033447,-2.6657345294952393,-0.45331284403800964,0.07583969831466675
26.7061927318573,-1.1983217000961304,1.1661242246627808,1.8359529972076416,-2.612680673599243,-0.40988093614578247,0.11540859192609787
26.806313276290894,-1.2007043361663818,1.1723811626434326,1.8072166442871094,-2.6257498264312744,-0.4165445566177368,0.10208223760128021
26.90596032142639,-1.2024784088134766,1.1692489385604858,1.8256932497024536,-2.608541488647461,-0.41012829542160034,0.1040365919470787
27.006498098373413,-1.1979643106460571,1.1912391185760498,1.8093905448913574,-2.6517174243927,-0.44183284044265747,0.07473431527614594
27.10764503479004,-1.2069131135940552,1.1845383644104004,1.810126781463623,-2.625974178314209,-0.431134432554245,0.08896183222532272
27.206005573272705,-1.216544508934021,1.1797935962677002,1.8152446746826172,-2.5950381755828857,-0.41566553711891174,0.10177313536405563
27.30738663673401,-1.2104891538619995,1.1951717138290405,1.8084689378738403,-2.611823320388794,-0.46780773997306824,0.06904739141464233
27.40706515312195,-1.2244645357131958,1.2029486894607544,1.77357816696167,-2.6103017330169678,-0.454596608877182,0.07584352791309357
27.507208585739136,-1.1924654245376587,1.207249641418457,1.7807610034942627,-2.5986015796661377,-0.5733005404472351,0.006921936757862568
27.606770038604736,-1.1922636032104492,1.2023873329162598,1.7927675247192383,-2.570906400680542,-0.5732477307319641,0.004687514156103134
27.70711851119995,-1.200183391571045,1.208195447921753,1.7556596994400024,-2.570248603820801,-0.5732455849647522,0.011355545371770859
27.80781078338623,-1.2127598524093628,1.2132086753845215,1.7224986553192139,-2.5560202598571777,-0.5644593238830566,0.015408210456371307
27.90669274330139,-1.2232056856155396,1.2119706869125366,1.6612968444824219,-2.5424885749816895,-0.5614990592002869,0.023205798119306564
28.007553577423096,-1.2169753313064575,1.2268511056900024,1.623252511024475,-2.5595176219940186,-0.606082022190094,0.020108358934521675
28.10715913772583,-1.194769263267517,1.196123719215393,1.6819939613342285,-2.4817233085632324,-0.6605590581893921,-0.006538516376167536
28.2066969871521,-1.2008147239685059,1.1783326864242554,1.7466562986373901,-2.4320173263549805,-0.637431800365448,-0.005775569472461939
28.306487321853638,-1.1917747259140015,1.1967246532440186,1.7066996097564697,-2.471022605895996,-0.6767963171005249,0.007098647300153971
28.405961513519287,-1.198148250579834,1.1709977388381958,1.7986021041870117,-2.39662766456604,-0.6454894542694092,-0.003818521276116371
28.50662875175476,-1.2098324298858643,1.1601712703704834,1.8326531648635864,-2.3584771156311035,-0.626935601234436,-0.009482424706220627
28.60651707649231,-1.1756324768066406,1.1554551124572754,1.859066128730774,-2.3500816822052,-0.7250709533691406,0.005613136570900679
28.707412004470825,-1.1757620573043823,1.1673954725265503,1.8585745096206665,-2.3827757835388184,-0.7212508320808411,0.02688855119049549
28.807868242263794,-1.1749101877212524,1.1860759258270264,1.8589774370193481,-2.43259596824646,-0.7174844145774841,0.05518539994955063
28.90797472000122,-1.1712206602096558,1.179652214050293,1.8708057403564453,-2.4019405841827393,-0.7297890186309814,0.05702728033065796
29.007431507110596,-1.173856496810913,1.1772997379302979,1.8927149772644043,-2.379018783569336,-0.7209490537643433,0.0528489388525486
29.107897520065308,-1.1347931623458862,1.1508827209472656,1.9699726104736328,-2.3054847717285156,-0.8121589422225952,0.04926357418298721
29.20638656616211,-1.1337815523147583,1.1639385223388672,1.9385888576507568,-2.349945545196533,-0.8019252419471741,0.07819416373968124
29.307960987091064,-1.1204715967178345,1.180053472518921,1.925243854522705,-2.386641502380371,-0.8301271200180054,0.11192169040441513
29.407394409179688,-1.1247977018356323,1.1795793771743774,1.8966271877288818,-2.3958730697631836,-0.8012233376502991,0.12405219674110413
29.507956743240356,-1.143109679222107,1.185473084449768,1.8721219301223755,-2.4083547592163086,-0.7400849461555481,0.1282949596643448
29.60813045501709,-1.1531144380569458,1.1701915264129639,1.8645631074905396,-2.380028486251831,-0.6927304863929749,0.11666325479745865
29.7074294090271,-1.1665107011795044,1.1669015884399414,1.8330929279327393,-2.383072853088379,-0.6453213095664978,0.12203926593065262
29.80788516998291,-1.1786705255508423,1.1384068727493286,1.8638542890548706,-2.3230154514312744,-0.5850033164024353,0.09935972094535828
29.90707755088806,-1.188940167427063,1.1227056980133057,1.9013135433197021,-2.299797773361206,-0.5425015687942505,0.08938676863908768
30.006738662719727,-1.1825146675109863,1.117690920829773,1.956195592880249,-2.298473358154297,-0.551922619342804,0.08659186959266663
30.107395887374878,-1.1807701587677002,1.1254934072494507,1.9396510124206543,-2.332634449005127,-0.575207531452179,0.10026996582746506
30.207768201828003,-1.1803299188613892,1.123619556427002,1.9207063913345337,-2.3396613597869873,-0.5885415077209473,0.10440228879451752
30.307409286499023,-1.169875144958496,1.1353192329406738,1.9114607572555542,-2.368915319442749,-0.6259319186210632,0.10998701304197311
30.41055202484131,-1.1904160976409912,1.1301199197769165,1.8759081363677979,-2.370802402496338,-0.5605014562606812,0.11158513277769089
30.507150888442993,-1.199966549873352,1.139359951019287,1.835652232170105,-2.3935086727142334,-0.5506128668785095,0.10807792097330093
30.608968019485474,-1.196433424949646,1.152998685836792,1.8112318515777588,-2.4313409328460693,-0.5673438310623169,0.09967502951622009
30.706916093826294,-1.2110490798950195,1.1575090885162354,1.8037651777267456,-2.444437265396118,-0.5178704261779785,0.11452697962522507
30.808382749557495,-1.220921277999878,1.1716382503509521,1.7567579746246338,-2.4734444618225098,-0.5121093988418579,0.10634659230709076
30.908127307891846,-1.2296088933944702,1.1473757028579712,1.8018914461135864,-2.413072109222412,-0.48070254921913147,0.1280973255634308
31.007396459579468,-1.1542922258377075,1.147226333618164,1.8187541961669922,-2.4096364974975586,-0.707007646560669,0.00802004523575306
31.107502460479736,-1.1512526273727417,1.1490395069122314,1.8262239694595337,-2.4240055084228516,-0.6881586313247681,0.007943639531731606
31.207571268081665,-1.1380656957626343,1.1868290901184082,1.7905476093292236,-2.5122663974761963,-0.7160825729370117,-0.02207000181078911
31.306537628173828,-1.1460264921188354,1.1665756702423096,1.7979578971862793,-2.4718589782714844,-0.6722704768180847,0.0103693176060915
31.4078950881958,-1.1513729095458984,1.1657239198684692,1.8114620447158813,-2.4727118015289307,-0.6304653882980347,0.03488554060459137
31.507091522216797,-1.1488819122314453,1.1645615100860596,1.828187108039856,-2.46852445602417,-0.6171882152557373,0.03459002077579498
31.60785746574402,-1.1661272048950195,1.1629273891448975,1.7939465045928955,-2.4725804328918457,-0.5675026774406433,0.06595757603645325
31.708168506622314,-1.1860756874084473,1.1692094802856445,1.7754887342453003,-2.492928981781006,-0.5022715926170349,0.11020636558532715
31.808101177215576,-1.1849076747894287,1.1688145399093628,1.7741186618804932,-2.4963412284851074,-0.5136844515800476,0.10448243468999863
31.907426357269287,-1.1948474645614624,1.1711746454238892,1.746254801750183,-2.5068938732147217,-0.5033928751945496,0.10454568266868591
32.00739908218384,-1.1848442554473877,1.1879801750183105,1.7351491451263428,-2.5445754528045654,-0.5481176376342773,0.07300639897584915
32.107075929641724,-1.1821908950805664,1.1598398685455322,1.794122338294983,-2.4760425090789795,-0.53802889585495,0.08007656782865524
32.207545042037964,-1.1701582670211792,1.1829098463058472,1.7770514488220215,-2.5208969116210938,-0.5843719244003296,0.033000022172927856
32.30739903450012,-1.1604609489440918,1.201311469078064,1.7329941987991333,-2.5670599937438965,-0.6222760081291199,-0.0017808499978855252
32.40816593170166,-1.1688810586929321,1.2110689878463745,1.6882991790771484,-2.566071033477783,-0.6196019649505615,0.000923324259929359
32.50908017158508,-1.1726933717727661,1.221552848815918,1.6499886512756348,-2.5844147205352783,-0.6205044984817505,-0.0017181683797389269
32.60827302932739,-1.1878901720046997,1.2166850566864014,1.6414735317230225,-2.556575298309326,-0.5823374390602112,0.03165341541171074
32.70854449272156,-1.1388301849365234,1.2130945920944214,1.686309576034546,-2.533839225769043,-0.7345415949821472,-0.08666078001260757
32.80931282043457,-1.1663002967834473,1.2125685214996338,1.7007131576538086,-2.5208170413970947,-0.6329441666603088,-0.01337006501853466
32.90813899040222,-1.1730138063430786,1.2197545766830444,1.6705844402313232,-2.5282375812530518,-0.6203207969665527,-0.0030527939088642597
33.008182525634766,-1.1935136318206787,1.1813019514083862,1.7469065189361572,-2.4197497367858887,-0.5512502193450928,0.039220280945301056
33.107898235321045,-1.2010012865066528,1.1801961660385132,1.774539828300476,-2.412261962890625,-0.5400283336639404,0.04597881808876991
33.20798587799072,-1.2180442810058594,1.167690634727478,1.7994226217269897,-2.3826284408569336,-0.5079915523529053,0.06183278560638428
33.308085918426514,-1.220495581626892,1.1576645374298096,1.8449190855026245,-2.3683583736419678,-0.5082646012306213,0.059753213077783585
33.408058643341064,-1.179989218711853,1.1551331281661987,1.8546637296676636,-2.369260549545288,-0.6601933240890503,0.02537495456635952
33.508970975875854,-1.1509777307510376,1.1454912424087524,1.876888632774353,-2.3613603115081787,-0.752105176448822,0.014042089693248272
33.60762286186218,-1.1248677968978882,1.1379438638687134,1.933791995048523,-2.346964120864868,-0.8148304224014282,0.012946583330631256
33.70746922492981,-1.1417242288589478,1.1552454233169556,1.9141758680343628,-2.3951988220214844,-0.7494344711303711,0.016683459281921387
33.809210538864136,-1.1425758600234985,1.1359089612960815,1.9882389307022095,-2.3399415016174316,-0.719855546951294,0.006123353727161884
33.908522844314575,-1.1222048997879028,1.1391253471374512,1.975429892539978,-2.3700289726257324,-0.7779586315155029,0.02418629638850689
34.00830006599426,-1.1210544109344482,1.1455789804458618,1.9815092086791992,-2.3935933113098145,-0.7616296410560608,0.032333534210920334
34.10819387435913,-1.1173800230026245,1.1379554271697998,2.0156917572021484,-2.383960485458374,-0.7462814450263977,0.027202356606721878
34.20815467834473,-1.091882348060608,1.135245680809021,2.030972957611084,-2.393929958343506,-0.8048328757286072,0.04359787330031395
34.30921912193298,-1.0972280502319336,1.139777660369873,2.0260772705078125,-2.4157145023345947,-0.7550780177116394,0.051245737820863724
34.40861487388611,-1.1116018295288086,1.1396281719207764,2.002432346343994,-2.427572727203369,-0.6930914521217346,0.056485094130039215
34.50792193412781,-1.1203014850616455,1.1386146545410156,1.9755545854568481,-2.436048746109009,-0.6526699662208557,0.06069687381386757
34.61164951324463,-1.1225441694259644,1.1436184644699097,1.949692726135254,-2.4652624130249023,-0.6340398192405701,0.07630133628845215
34.70833420753479,-1.136810541152954,1.1197009086608887,1.9410299062728882,-2.4198265075683594,-0.5740243792533875,0.07235576212406158
34.810303926467896,-1.152681827545166,1.1219443082809448,1.9289511442184448,-2.4437978267669678,-0.5200255513191223,0.08873547613620758
34.908020973205566,-1.1461005210876465,1.1258037090301514,1.9372378587722778,-2.4696288108825684,-0.5378412008285522,0.08949411660432816
35.01116585731506,-1.1669660806655884,1.1320453882217407,1.8966253995895386,-2.500051975250244,-0.48059800267219543,0.1023995652794838
35.10991978645325,-1.1727511882781982,1.1528760194778442,1.8675978183746338,-2.5544185638427734,-0.4748380482196808,0.10693446546792984
35.2076530456543,-1.1710981130599976,1.172038197517395,1.829887866973877,-2.6004135608673096,-0.48868465423583984,0.09767704457044601
35.307754039764404,-1.1705842018127441,1.1676019430160522,1.855904459953308,-2.5792689323425293,-0.4804180860519409,0.10802875459194183
35.40882611274719,-1.1735533475875854,1.1573355197906494,1.8814599514007568,-2.5540778636932373,-0.4612352252006531,0.1126147136092186
35.50827956199646,-1.1899195909500122,1.1405426263809204,1.8804222345352173,-2.5231261253356934,-0.41127681732177734,0.14540982246398926
35.60797476768494,-1.2003206014633179,1.1387571096420288,1.8542190790176392,-2.5255582332611084,-0.4015774130821228,0.14829109609127045
35.70856976509094,-1.1831700801849365,1.1147202253341675,1.873157262802124,-2.4869439601898193,-0.44967183470726013,0.11802598088979721
35.809399127960205,-1.2005351781845093,1.1145561933517456,1.8201911449432373,-2.4983325004577637,-0.41584667563438416,0.12434004992246628
35.90996074676514,-1.156112790107727,1.1320120096206665,1.8367923498153687,-2.5391924381256104,-0.5610759258270264,0.025462152436375618
36.00831890106201,-1.1740459203720093,1.1322942972183228,1.813274621963501,-2.5473475456237793,-0.5048599243164062,0.04901634156703949
36.10773515701294,-1.180725336074829,1.1560730934143066,1.7839726209640503,-2.598609447479248,-0.49817976355552673,0.035812828689813614
36.208213567733765,-1.206131935119629,1.1292356252670288,1.7993541955947876,-2.54063081741333,-0.4211633801460266,0.09364630281925201
36.308773040771484,-1.1744465827941895,1.1393495798110962,1.8550106287002563,-2.5598788261413574,-0.5089629888534546,0.023040980100631714
36.40895867347717,-1.1792185306549072,1.1459096670150757,1.869492769241333,-2.571110963821411,-0.49599114060401917,0.028967004269361496
36.50991439819336,-1.1579971313476562,1.1421178579330444,1.9111881256103516,-2.5588345527648926,-0.5508437156677246,-0.011512926779687405
36.60931611061096,-1.1455590724945068,1.1672382354736328,1.915690541267395,-2.6102492809295654,-0.5823389887809753,-0.041984252631664276
36.70957350730896,-1.1565487384796143,1.1636974811553955,1.9127691984176636,-2.590325117111206,-0.5460900664329529,-0.016787614673376083
36.80925798416138,-1.1699748039245605,1.1801562309265137,1.8887126445770264,-2.6126599311828613,-0.5179651379585266,0.001824116101488471
36.90847969055176,-1.1779694557189941,1.1907175779342651,1.864207148551941,-2.6246414184570312,-0.5074246525764465,0.009296797215938568
37.00837016105652,-1.1548138856887817,1.1891545057296753,1.8648601770401,-2.6066040992736816,-0.5967639684677124,-0.06365801393985748
37.110107421875,-1.1688083410263062,1.192980408668518,1.8460659980773926,-2.6056418418884277,-0.5540652275085449,-0.035802051424980164
37.210439920425415,-1.1815531253814697,1.2116175889968872,1.8250154256820679,-2.622775077819824,-0.5423314571380615,-0.019758516922593117
37.3079833984375,-1.1848243474960327,1.195029377937317,1.8612775802612305,-2.5638105869293213,-0.5330711007118225,-0.01921127550303936
37.40881586074829,-1.1904726028442383,1.198396921157837,1.8316797018051147,-2.564197301864624,-0.5338054895401001,-0.01706293411552906
37.50939989089966,-1.1950386762619019,1.207599401473999,1.7980210781097412,-2.5664191246032715,-0.5396110415458679,-0.02470780350267887
37.60894536972046,-1.2002242803573608,1.2185981273651123,1.7733343839645386,-2.566603422164917,-0.5423920154571533,-0.029913445934653282
37.70885133743286,-1.2078150510787964,1.2075040340423584,1.7722755670547485,-2.5196926593780518,-0.5323034524917603,-0.026866961270570755
37.80937457084656,-1.202559232711792,1.215782880783081,1.765665054321289,-2.5257375240325928,-0.5717782974243164,-0.039508674293756485
37.9085795879364,-1.1719485521316528,1.1929343938827515,1.7824839353561401,-2.4563066959381104,-0.68369460105896,-0.09349042922258377
38.00917983055115,-1.1748114824295044,1.1992452144622803,1.7315293550491333,-2.462880849838257,-0.6962449550628662,-0.09203340858221054
38.10864543914795,-1.1807833909988403,1.20282781124115,1.7250361442565918,-2.4713220596313477,-0.6784027218818665,-0.08356830477714539
38.20982074737549,-1.1804600954055786,1.1837458610534668,1.7590073347091675,-2.4246065616607666,-0.6664592027664185,-0.08270618319511414
38.30917191505432,-1.196905493736267,1.1510502099990845,1.8422393798828125,-2.349351167678833,-0.5870149731636047,-0.0795741081237793
38.40973424911499,-1.1530115604400635,1.1545785665512085,1.8460693359375,-2.3714964389801025,-0.7276564240455627,-0.0744209736585617
38.50916385650635,-1.1390228271484375,1.1559174060821533,1.8585634231567383,-2.3885045051574707,-0.7563812732696533,-0.0605325810611248
38.60853910446167,-1.151919960975647,1.161054253578186,1.824805498123169,-2.4146883487701416,-0.7110103964805603,-0.05050451681017876
38.70998477935791,-1.1571086645126343,1.1858627796173096,1.7959383726119995,-2.476797103881836,-0.6980168223381042,-0.02219308353960514
38.80915093421936,-1.1662160158157349,1.1931049823760986,1.7640117406845093,-2.4820218086242676,-0.6791049838066101,-0.013927078805863857
38.90987038612366,-1.1765210628509521,1.1823724508285522,1.7719026803970337,-2.4535491466522217,-0.640536367893219,-0.01923106610774994
39.00897932052612,-1.1861369609832764,1.1495221853256226,1.8598182201385498,-2.378648042678833,-0.590319037437439,-0.04202738776803017
39.10954236984253,-1.1994602680206299,1.1565793752670288,1.825721263885498,-2.405402421951294,-0.5593351721763611,-0.03159228712320328
39.20883893966675,-1.2031762599945068,1.1535749435424805,1.8380275964736938,-2.39496111869812,-0.5632935762405396,-0.03005453757941723
39.30950570106506,-1.164973497390747,1.1567949056625366,1.846343755722046,-2.410989284515381,-0.6787996292114258,-0.0065812417306005955
39.408753395080566,-1.1591013669967651,1.1750949621200562,1.8228455781936646,-2.455754041671753,-0.6985292434692383,0.006748441141098738
39.51012682914734,-1.149625539779663,1.1863822937011719,1.8389580249786377,-2.479869842529297,-0.7213964462280273,0.01730222813785076
39.61008810997009,-1.1387118101119995,1.1795909404754639,1.8510305881500244,-2.47001314163208,-0.7408440113067627,0.020689256489276886
39.709779262542725,-1.1256572008132935,1.2061803340911865,1.8069039583206177,-2.536614179611206,-0.7751575708389282,0.03992934897542
39.80868577957153,-1.0716516971588135,1.173950433731079,1.9134933948516846,-2.4560225009918213,-0.888733446598053,0.0022192017640918493
39.9098916053772,-1.0744686126708984,1.1860771179199219,1.8823225498199463,-2.474987745285034,-0.8270608186721802,0.0263436920940876
40.00875997543335,-1.0824953317642212,1.1712212562561035,1.9415985345840454,-2.4372642040252686,-0.7389314770698547,0.04296039789915085
40.1110954284668,-1.0933088064193726,1.18172025680542,1.9363222122192383,-2.4657981395721436,-0.6725601553916931,0.07994148135185242
40.209261417388916,-1.1094859838485718,1.200039029121399,1.9156047105789185,-2.505176067352295,-0.5947362184524536,0.12468978017568588
40.30902051925659,-1.1319481134414673,1.2018734216690063,1.9199296236038208,-2.4970290660858154,-0.507777988910675,0.16842898726463318
40.409974575042725,-1.122002124786377,1.1811435222625732,1.9279485940933228,-2.442552089691162,-0.5364072322845459,0.14504343271255493
40.50994920730591,-1.106687068939209,1.1515990495681763,1.9961799383163452,-2.382061243057251,-0.5491217374801636,0.1311214119195938
40.6098415851593,-1.116129994392395,1.1681238412857056,1.9898594617843628,-2.4371910095214844,-0.5088403820991516,0.153501957654953
40.70944881439209,-1.1241580247879028,1.1748104095458984,1.9707143306732178,-2.4558959007263184,-0.46632832288742065,0.1706734448671341
40.81011152267456,-1.12887442111969,1.1575781106948853,2.0256927013397217,-2.4280717372894287,-0.426628440618515,0.18445995450019836
40.910619258880615,-1.128137230873108,1.1419817209243774,2.0629444122314453,-2.407961130142212,-0.4153119921684265,0.18696576356887817
41.00869274139404,-1.1385267972946167,1.1521193981170654,2.0415689945220947,-2.4416041374206543,-0.40671613812446594,0.1822044402360916
41.10918855667114,-1.1482839584350586,1.1490451097488403,2.0069613456726074,-2.4484670162200928,-0.3905079960823059,0.18485985696315765
41.20928645133972,-1.1370466947555542,1.1414555311203003,2.026893377304077,-2.4432382583618164,-0.42402347922325134,0.15842199325561523
41.31026029586792,-1.1501511335372925,1.1376042366027832,1.9913493394851685,-2.448826551437378,-0.39902463555336,0.1606089174747467
41.409395933151245,-1.150693416595459,1.1376250982284546,1.994835376739502,-2.4625234603881836,-0.39695581793785095,0.1453740894794464
41.50992822647095,-1.1599706411361694,1.1440949440002441,1.9629554748535156,-2.4905712604522705,-0.38608282804489136,0.13098903000354767
41.60947012901306,-1.168473720550537,1.1573532819747925,1.9204341173171997,-2.530217170715332,-0.3854224681854248,0.10511817783117294
41.70908164978027,-1.165130615234375,1.1674578189849854,1.9231034517288208,-2.5569684505462646,-0.4054131805896759,0.07620535790920258
41.810194969177246,-1.1741631031036377,1.1889108419418335,1.8905128240585327,-2.600001335144043,-0.4029140770435333,0.05139457434415817
41.91145634651184,-1.1910220384597778,1.1904164552688599,1.845762014389038,-2.601165294647217,-0.3734215497970581,0.0609128512442112
42.01059103012085,-1.1663198471069336,1.1858136653900146,1.8526962995529175,-2.58693265914917,-0.47799524664878845,-0.022924313321709633
42.11014723777771,-1.1698668003082275,1.192938208580017,1.8096500635147095,-2.592078685760498,-0.4844643175601959,-0.03762894123792648
42.21126866340637,-1.174966812133789,1.2075520753860474,1.7687232494354248,-2.6073875427246094,-0.493520587682724,-0.05951789766550064
42.312167167663574,-1.1339991092681885,1.1789342164993286,1.848732352256775,-2.5494637489318848,-0.59345543384552,-0.1397383064031601
42.41062092781067,-1.1454766988754272,1.1941653490066528,1.8187931776046753,-2.5820131301879883,-0.5635879039764404,-0.12390841543674469
42.510295391082764,-1.1509006023406982,1.2093485593795776,1.7755814790725708,-2.617722272872925,-0.5617527365684509,-0.13084200024604797
42.61059379577637,-1.159578800201416,1.216771125793457,1.723489761352539,-2.633413553237915,-0.5466013550758362,-0.12031514942646027
42.71059799194336,-1.1646572351455688,1.2328239679336548,1.6798876523971558,-2.6458740234375,-0.5538315773010254,-0.124468132853508
42.81090497970581,-1.1732110977172852,1.2100706100463867,1.7525016069412231,-2.6031789779663086,-0.5089414119720459,-0.0864979550242424
42.91002082824707,-1.1854898929595947,1.2229259014129639,1.7465147972106934,-2.609344482421875,-0.4950599670410156,-0.07358234375715256
43.01028513908386,-1.2031718492507935,1.2247986793518066,1.7617483139038086,-2.587857961654663,-0.46120908856391907,-0.05025924742221832
43.110612869262695,-1.1804544925689697,1.2175620794296265,1.8024801015853882,-2.5674123764038086,-0.5277267098426819,-0.09761697053909302
43.210821866989136,-1.175390601158142,1.2300293445587158,1.7495059967041016,-2.5856754779815674,-0.5783982872962952,-0.12224526703357697
43.31260418891907,-1.1881458759307861,1.227589726448059,1.7815018892288208,-2.5674145221710205,-0.5413538217544556,-0.09495764225721359
43.41093182563782,-1.1898802518844604,1.2459841966629028,1.750105857849121,-2.584219455718994,-0.5648708343505859,-0.10137099772691727
43.50991415977478,-1.2029589414596558,1.2485007047653198,1.7216755151748657,-2.5743541717529297,-0.545070230960846,-0.09068631380796432
43.61050462722778,-1.1977062225341797,1.2637300491333008,1.6641322374343872,-2.5913610458374023,-0.5932410359382629,-0.110431969165802
43.71123170852661,-1.2031115293502808,1.2642890214920044,1.6684560775756836,-2.5695762634277344,-0.5896074771881104,-0.10786110907793045
43.810442209243774,-1.2031751871109009,1.2565040588378906,1.7102206945419312,-2.5324416160583496,-0.5942656993865967,-0.11238270252943039
43.91007137298584,-1.1970210075378418,1.2720979452133179,1.6869521141052246,-2.559117317199707,-0.6367260217666626,-0.11630945652723312
44.01101326942444,-1.2116128206253052,1.269333004951477,1.7255703210830688,-2.5368831157684326,-0.5913776755332947,-0.09861109405755997
44.11041283607483,-1.2038238048553467,1.274958610534668,1.6849669218063354,-2.551771402359009,-0.6278226375579834,-0.1034923642873764
44.2100293636322,-1.2077947854995728,1.2645684480667114,1.7376765012741089,-2.5178070068359375,-0.6177313923835754,-0.10304276645183563
44.31124687194824,-1.2190250158309937,1.2458347082138062,1.7856727838516235,-2.458686351776123,-0.5986142158508301,-0.10485200583934784
44.410544633865356,-1.2246698141098022,1.2487399578094482,1.7666845321655273,-2.4630162715911865,-0.6046425700187683,-0.09327012300491333
44.512205362319946,-1.2147310972213745,1.2528306245803833,1.7649333477020264,-2.466367244720459,-0.6580070853233337,-0.08712700009346008
44.60977268218994,-1.2329946756362915,1.2303862571716309,1.8175840377807617,-2.411339521408081,-0.6128332614898682,-0.09103652834892273
44.7116162776947,-1.2361806631088257,1.2105530500411987,1.8543034791946411,-2.3696184158325195,-0.6173985600471497,-0.0910073071718216
44.81097483634949,-1.2355210781097412,1.1978142261505127,1.8587573766708374,-2.34649395942688,-0.6307640671730042,-0.08488386124372482
44.911231994628906,-1.228766679763794,1.1977509260177612,1.8174991607666016,-2.363248586654663,-0.669583261013031,-0.06083918735384941
45.01123070716858,-1.2204183340072632,1.2047618627548218,1.8065237998962402,-2.393862724304199,-0.7187939882278442,-0.03200807049870491
45.11088585853577,-1.2184062004089355,1.1936150789260864,1.8205327987670898,-2.364102363586426,-0.7396478056907654,-0.028564343228936195
45.21004343032837,-1.2277499437332153,1.1901532411575317,1.8235650062561035,-2.365034341812134,-0.7112353444099426,-0.03969976678490639
45.30999255180359,-1.2148176431655884,1.2005701065063477,1.8167341947555542,-2.3924388885498047,-0.7499350905418396,-0.007029686588793993
45.41094493865967,-1.215936303138733,1.183605670928955,1.8370980024337769,-2.346270799636841,-0.7456457018852234,-0.014258229173719883
45.51043891906738,-1.213881492614746,1.1772944927215576,1.80614173412323,-2.344351291656494,-0.7485067844390869,-0.007511895149946213
45.61074233055115,-1.2187893390655518,1.163330316543579,1.8134676218032837,-2.3308701515197754,-0.7199342250823975,-0.014287732541561127
45.710623264312744,-1.2053377628326416,1.171548843383789,1.8174495697021484,-2.352745294570923,-0.7677887082099915,0.018122363835573196
45.81124711036682,-1.202099084854126,1.1640249490737915,1.8133302927017212,-2.3393847942352295,-0.7767870426177979,0.021582618355751038
45.91091227531433,-1.2048875093460083,1.1573125123977661,1.7713079452514648,-2.3353374004364014,-0.7607210874557495,0.02717452123761177
46.010749101638794,-1.1905384063720703,1.1671754121780396,1.791419506072998,-2.3671627044677734,-0.7874577045440674,0.047263164073228836
46.11163306236267,-1.1860166788101196,1.1409029960632324,1.8886654376983643,-2.3177852630615234,-0.7553008198738098,0.033699650317430496
46.21113896369934,-1.1984174251556396,1.1267074346542358,1.879561424255371,-2.305675983428955,-0.6992684602737427,0.036159906536340714
46.310773849487305,-1.1884818077087402,1.131819725036621,1.8880647420883179,-2.335533380508423,-0.720671534538269,0.05272682011127472
46.41167950630188,-1.18704354763031,1.1406712532043457,1.8694719076156616,-2.3740286827087402,-0.7141682505607605,0.0715155303478241
46.51082134246826,-1.2017710208892822,1.1381447315216064,1.8740183115005493,-2.3881921768188477,-0.652347207069397,0.08740921318531036
46.610620737075806,-1.1649298667907715,1.1245654821395874,1.8746479749679565,-2.376382350921631,-0.7527713775634766,0.06613770872354507
46.71124315261841,-1.1469485759735107,1.1365567445755005,1.8374656438827515,-2.4314825534820557,-0.7930697798728943,0.0712413638830185
46.81206774711609,-1.1416399478912354,1.1322767734527588,1.8137362003326416,-2.435579299926758,-0.779121994972229,0.08060060441493988
46.910728931427,-1.1649473905563354,1.1414278745651245,1.7870516777038574,-2.4599781036376953,-0.6915867924690247,0.13006167113780975
47.01172471046448,-1.1691714525222778,1.146888256072998,1.782365083694458,-2.4736216068267822,-0.6601504683494568,0.1565123051404953
47.11086177825928,-1.1756383180618286,1.1578811407089233,1.7607721090316772,-2.5010132789611816,-0.6255101561546326,0.18692201375961304
47.21090793609619,-1.1739864349365234,1.1580787897109985,1.7960598468780518,-2.4981279373168945,-0.6051843166351318,0.2101971060037613
47.31133460998535,-1.1708083152770996,1.1488524675369263,1.8026001453399658,-2.480727434158325,-0.5997074842453003,0.2116733342409134
47.412113904953,-1.1711004972457886,1.174239158630371,1.7687420845031738,-2.5354163646698,-0.5988291501998901,0.21527162194252014
47.511862993240356,-1.1933611631393433,1.171448826789856,1.7271873950958252,-2.5229992866516113,-0.5367763638496399,0.26920560002326965
47.61365246772766,-1.198165774345398,1.1628047227859497,1.7121399641036987,-2.500377655029297,-0.5219067335128784,0.27319759130477905
47.711188554763794,-1.160431981086731,1.2084671258926392,1.6576838493347168,-2.602203607559204,-0.6419110298156738,0.12903326749801636
47.811546325683594,-1.1621503829956055,1.206689476966858,1.684238314628601,-2.5706300735473633,-0.6233685612678528,0.15047453343868256
47.91190147399902,-1.186248779296875,1.189521074295044,1.7174932956695557,-2.5194969177246094,-0.5365642309188843,0.2528846263885498
48.01207447052002,-1.193176031112671,1.2046698331832886,1.6982156038284302,-2.538280487060547,-0.5266110301017761,0.25310906767845154
48.11119794845581,-1.1901531219482422,1.2209900617599487,1.6810094118118286,-2.564427375793457,-0.545574963092804,0.22032856941223145
48.211061000823975,-1.187638282775879,1.2262933254241943,1.7274820804595947,-2.5487735271453857,-0.5494657158851624,0.21590466797351837
48.31062960624695,-1.1757537126541138,1.2227592468261719,1.737833023071289,-2.5279505252838135,-0.5912649035453796,0.16788460314273834
48.41291856765747,-1.1743210554122925,1.2443265914916992,1.695302128791809,-2.568885326385498,-0.6072362661361694,0.13306157290935516
48.51171946525574,-1.1817489862442017,1.2462656497955322,1.6727943420410156,-2.558603286743164,-0.5905588865280151,0.14365524053573608
48.61193060874939,-1.2016454935073853,1.2064484357833862,1.771740436553955,-2.4490034580230713,-0.5078301429748535,0.25859659910202026
48.71145677566528,-1.2152941226959229,1.1994297504425049,1.7986398935317993,-2.4058241844177246,-0.48715922236442566,0.28717806935310364
48.81120538711548,-1.215145230293274,1.1943811178207397,1.8436199426651,-2.390913963317871,-0.5019637942314148,0.2798859179019928
48.91224408149719,-1.196310043334961,1.182942509651184,1.8402748107910156,-2.3538520336151123,-0.5836253762245178,0.22849740087985992
49.011659383773804,-1.1941142082214355,1.194649577140808,1.8183863162994385,-2.388138771057129,-0.5959406495094299,0.20452545583248138
49.11258816719055,-1.1899638175964355,1.1922889947891235,1.814417839050293,-2.3781416416168213,-0.6212761998176575,0.19513964653015137
49.212416648864746,-1.161339282989502,1.1769810914993286,1.8126345872879028,-2.3545820713043213,-0.7082586884498596,0.16793976724147797
49.31182360649109,-1.1410126686096191,1.1743853092193604,1.8104654550552368,-2.349600315093994,-0.7689188122749329,0.15358705818653107
49.412702560424805,-1.1440993547439575,1.2023837566375732,1.7643837928771973,-2.4289321899414062,-0.7549073696136475,0.15348470211029053
49.51296949386597,-1.1384978294372559,1.1943312883377075,1.8160688877105713,-2.404054641723633,-0.7527292966842651,0.15173381567001343
49.611685037612915,-1.1551930904388428,1.1901830434799194,1.8404033184051514,-2.400178909301758,-0.67454993724823,0.15881061553955078
49.711207151412964,-1.1574251651763916,1.1652591228485107,1.9031355381011963,-2.3346364498138428,-0.6535612940788269,0.1536034643650055
49.81219744682312,-1.1622798442840576,1.1507195234298706,1.9196346998214722,-2.3191335201263428,-0.6218682527542114,0.14974191784858704
49.91154742240906,-1.1625761985778809,1.1261591911315918,2.0011250972747803,-2.2750422954559326,-0.6050335168838501,0.14485524594783783
50.01253080368042,-1.1637617349624634,1.1322088241577148,1.981669306755066,-2.304293632507324,-0.6067078709602356,0.15217642486095428
50.11107778549194,-1.1764827966690063,1.110520601272583,2.026650905609131,-2.264690399169922,-0.5612365007400513,0.14030443131923676
50.21166729927063,-1.1816353797912598,1.1153481006622314,2.000636100769043,-2.2985987663269043,-0.5656406879425049,0.14606131613254547
50.31168293952942,-1.1774194240570068,1.1114267110824585,1.9885345697402954,-2.305112361907959,-0.5926232933998108,0.15142300724983215
50.412511587142944,-1.164825439453125,1.1302262544631958,1.9787360429763794,-2.359651803970337,-0.6399731636047363,0.16753976047039032
50.51211762428284,-1.1626924276351929,1.1253135204315186,1.9922021627426147,-2.360469341278076,-0.6317237019538879,0.16954386234283447
50.61229991912842,-1.157647967338562,1.137121558189392,1.950022578239441,-2.4063878059387207,-0.6477963924407959,0.17532449960708618
50.7122323513031,-1.0815895795822144,1.0858888626098633,2.0477921962738037,-2.301957368850708,-0.8174146413803101,0.17142805457115173
50.81277656555176,-1.0949618816375732,1.0859287977218628,2.028075695037842,-2.329310655593872,-0.7487058639526367,0.1783982813358307
50.91283583641052,-1.101703405380249,1.1150926351547241,2.008357286453247,-2.4150619506835938,-0.7129195332527161,0.20367123186588287
51.01339507102966,-1.0833027362823486,1.108661413192749,2.0336754322052,-2.41357421875,-0.7302390933036804,0.20751918852329254
51.11285948753357,-1.097304105758667,1.1331664323806763,1.9980788230895996,-2.4777588844299316,-0.6587919592857361,0.25037580728530884
51.21339225769043,-1.048039197921753,1.0860393047332764,2.0917670726776123,-2.377854347229004,-0.7225124835968018,0.20992830395698547
51.312562227249146,-1.0556223392486572,1.080429196357727,2.139446258544922,-2.3809874057769775,-0.625522255897522,0.2546600103378296
51.412126779556274,-1.0609776973724365,1.1055569648742676,2.111140251159668,-2.462822198867798,-0.6062299609184265,0.2964470088481903
51.51161599159241,-1.0336995124816895,1.0926185846328735,2.1233575344085693,-2.438166618347168,-0.6439332365989685,0.27058926224708557
51.6119647026062,-1.054796814918518,1.1253859996795654,2.0951528549194336,-2.525318145751953,-0.5502715110778809,0.36209553480148315
51.713972091674805,-1.0638689994812012,1.1355282068252563,2.052915334701538,-2.5478134155273438,-0.500917375087738,0.4083775579929352
51.81343340873718,-1.0815625190734863,1.1515321731567383,2.013195037841797,-2.5805869102478027,-0.4231581687927246,0.4712669253349304
51.91486430168152,-1.095759630203247,1.1661280393600464,1.9819334745407104,-2.6134679317474365,-0.36733266711235046,0.5258669853210449
52.01322293281555,-1.106994390487671,1.1619327068328857,1.9837236404418945,-2.6091604232788086,-0.3082899749279022,0.5761510729789734
52.113091707229614,-1.116309404373169,1.1838096380233765,1.9336707592010498,-2.6550371646881104,-0.2924070656299591,0.5900867581367493
52.21400856971741,-1.1150904893875122,1.1664402484893799,1.976572036743164,-2.6234872341156006,-0.2690623998641968,0.6136543154716492
52.31204438209534,-1.1335197687149048,1.1642764806747437,1.9756760597229004,-2.615750789642334,-0.21004776656627655,0.6765585541725159
52.41161894798279,-1.1462570428848267,1.1855034828186035,1.9396588802337646,-2.657512664794922,-0.20393253862857819,0.6702006459236145
52.5128755569458,-1.1556986570358276,1.1993203163146973,1.9116594791412354,-2.680447816848755,-0.20277909934520721,0.6590028405189514
52.61192989349365,-1.172279953956604,1.205316424369812,1.8771637678146362,-2.6782889366149902,-0.18600593507289886,0.6634464859962463
52.71232509613037,-1.1883050203323364,1.1956425905227661,1.8911997079849243,-2.646545171737671,-0.15610665082931519,0.7123977541923523
52.812158823013306,-1.194238305091858,1.214949369430542,1.8617650270462036,-2.6697959899902344,-0.19049754738807678,0.6469659209251404
52.91293549537659,-1.2084376811981201,1.2216525077819824,1.828438639640808,-2.667375087738037,-0.194739431142807,0.6312164068222046
53.01350378990173,-1.2208598852157593,1.1979897022247314,1.8786007165908813,-2.600719690322876,-0.16742299497127533,0.6854751706123352
53.11184334754944,-1.243419885635376,1.1994620561599731,1.8286151885986328,-2.5811097621917725,-0.16136787831783295,0.6821151375770569
53.21275782585144,-1.2512527704238892,1.208190679550171,1.789568305015564,-2.594082832336426,-0.19769516587257385,0.6268206238746643
53.312538385391235,-1.257832646369934,1.2028272151947021,1.780921220779419,-2.5769760608673096,-0.22093592584133148,0.6068410277366638
53.41211223602295,-1.262180209159851,1.1916929483413696,1.7934677600860596,-2.556368827819824,-0.2469230592250824,0.588391900062561
53.51191067695618,-1.3079901933670044,1.1674346923828125,1.750666618347168,-2.508286952972412,-0.15348203480243683,0.6566431522369385
53.61387586593628,-1.2612495422363281,1.1563949584960938,1.8473188877105713,-2.480046510696411,-0.31140777468681335,0.5827103853225708
53.71271586418152,-1.2548259496688843,1.1521626710891724,1.9066574573516846,-2.4642908573150635,-0.3538806438446045,0.5676085352897644
53.8128547668457,-1.2426950931549072,1.1737114191055298,1.9074480533599854,-2.502969741821289,-0.42306816577911377,0.5332223773002625
53.9126341342926,-1.2232959270477295,1.1982405185699463,1.878531813621521,-2.55364990234375,-0.5236873030662537,0.5073087811470032
54.01297855377197,-1.2343075275421143,1.200381875038147,1.8373205661773682,-2.549664258956909,-0.5266171097755432,0.5023993849754333
54.11298227310181,-1.2319821119308472,1.1937397718429565,1.8611680269241333,-2.5211844444274902,-0.5402446389198303,0.493461012840271
54.213053703308105,-1.2236486673355103,1.209761619567871,1.8373947143554688,-2.5515167713165283,-0.5909321904182434,0.4989381432533264
54.312493324279785,-1.226330041885376,1.2073934078216553,1.825012445449829,-2.5370280742645264,-0.6009935140609741,0.4932965040206909
54.413825273513794,-1.219024896621704,1.2228738069534302,1.7868422269821167,-2.556570291519165,-0.6425161361694336,0.5104627013206482
54.514702558517456,-1.1846100091934204,1.2099443674087524,1.7766270637512207,-2.5248072147369385,-0.7563451528549194,0.5105348825454712
54.61291265487671,-1.1814039945602417,1.230164647102356,1.7488322257995605,-2.5483651161193848,-0.7734796404838562,0.5309657454490662
54.714598178863525,-1.193174958229065,1.2213470935821533,1.7421424388885498,-2.5131027698516846,-0.7350597381591797,0.5087879300117493
54.81384205818176,-1.1938787698745728,1.2313333749771118,1.716038465499878,-2.5169155597686768,-0.7449137568473816,0.5217735767364502
54.91282844543457,-1.1892257928848267,1.243843674659729,1.6762217283248901,-2.5297069549560547,-0.7692101001739502,0.5410890579223633
55.01257038116455,-1.1863420009613037,1.230149269104004,1.6993408203125,-2.4819071292877197,-0.7618035674095154,0.511955201625824
55.11247754096985,-1.1847788095474243,1.2382948398590088,1.6690129041671753,-2.491037368774414,-0.7655289173126221,0.5351735353469849
55.21298313140869,-1.1947742700576782,1.2361329793930054,1.6463842391967773,-2.473297119140625,-0.7349739074707031,0.5297608971595764
55.31336259841919,-1.2006536722183228,1.2392033338546753,1.6074234247207642,-2.463941812515259,-0.7273276448249817,0.5350726246833801
55.41356301307678,-1.1665858030319214,1.2246556282043457,1.6619820594787598,-2.419990062713623,-0.814467191696167,0.5048609375953674
55.51312232017517,-1.1838957071304321,1.1861937046051025,1.77428138256073,-2.3236467838287354,-0.7304515242576599,0.41475605964660645
55.61360263824463,-1.1543444395065308,1.1731148958206177,1.833892822265625,-2.291816473007202,-0.8050515651702881,0.3950454592704773
55.71297597885132,-1.1675033569335938,1.1616040468215942,1.8995206356048584,-2.264482021331787,-0.7454431056976318,0.36753028631210327
55.814669132232666,-1.1634960174560547,1.183403491973877,1.8919634819030762,-2.331483840942383,-0.75776606798172,0.4377221465110779
55.91363000869751,-1.155405044555664,1.1748666763305664,1.8860260248184204,-2.3229410648345947,-0.771230161190033,0.4439750611782074
56.01274657249451,-1.149308204650879,1.1874932050704956,1.8610979318618774,-2.3687140941619873,-0.7808851599693298,0.48581361770629883
56.11371302604675,-1.1508703231811523,1.206047773361206,1.8279303312301636,-2.4205667972564697,-0.7650745511054993,0.5277161598205566
56.21379089355469,-1.1551789045333862,1.2176827192306519,1.7790120840072632,-2.4436802864074707,-0.756110429763794,0.5512961745262146
56.31298589706421,-1.1531999111175537,1.2333768606185913,1.7478384971618652,-2.46429443359375,-0.7695016264915466,0.566297173500061
56.413026094436646,-1.1634767055511475,1.22909677028656,1.7229158878326416,-2.4557812213897705,-0.7284214496612549,0.561500608921051
56.51403498649597,-1.172494649887085,1.1902436017990112,1.8228563070297241,-2.3664631843566895,-0.6651186347007751,0.5272101163864136
56.61294913291931,-1.1674047708511353,1.1871671676635742,1.8300470113754272,-2.3620095252990723,-0.6743600964546204,0.5220031142234802
56.71295523643494,-1.1765183210372925,1.1788990497589111,1.788708209991455,-2.345762014389038,-0.6403607130050659,0.5237958431243896
56.81386661529541,-1.1709399223327637,1.1781073808670044,1.8086639642715454,-2.354304790496826,-0.6483187079429626,0.5189065933227539
56.91255283355713,-1.1799564361572266,1.1752936840057373,1.7943816184997559,-2.3535349369049072,-0.615590512752533,0.521284282207489
57.013052225112915,-1.1952922344207764,1.170456051826477,1.7481108903884888,-2.360107183456421,-0.5803811550140381,0.5278984308242798
57.114041566848755,-1.1903003454208374,1.187046766281128,1.7156058549880981,-2.4106976985931396,-0.6085455417633057,0.5104624032974243
57.21289372444153,-1.1915547847747803,1.1719701290130615,1.7590628862380981,-2.37569522857666,-0.5865530371665955,0.520334780216217
57.31271147727966,-1.149778962135315,1.1535981893539429,1.80647611618042,-2.3327090740203857,-0.7088394165039062,0.47112107276916504
57.41378998756409,-1.1498433351516724,1.1459347009658813,1.8516225814819336,-2.3282907009124756,-0.6741083264350891,0.4761642515659332
57.51499271392822,-1.167464017868042,1.1462645530700684,1.8872262239456177,-2.3476178646087646,-0.6033417582511902,0.49170565605163574
57.61446261405945,-1.1716433763504028,1.1301881074905396,1.9184647798538208,-2.3213672637939453,-0.5738924145698547,0.49531012773513794
57.7132830619812,-1.1752902269363403,1.1311129331588745,1.8899061679840088,-2.340545177459717,-0.567107617855072,0.48133039474487305
57.81278848648071,-1.1747572422027588,1.1409156322479248,1.9091094732284546,-2.373657464981079,-0.5601769089698792,0.45805349946022034
57.91415452957153,-1.1748193502426147,1.156778335571289,1.8899658918380737,-2.4141783714294434,-0.5646082758903503,0.4310273230075836
58.01334595680237,-1.191210150718689,1.1628408432006836,1.8814407587051392,-2.445214033126831,-0.5246551036834717,0.4317266345024109
58.1140570640564,-1.1811965703964233,1.1881513595581055,1.8420261144638062,-2.514765739440918,-0.5690134167671204,0.3642919063568115
58.21372079849243,-1.1178982257843018,1.1501291990280151,1.9133236408233643,-2.4237937927246094,-0.7502322793006897,0.2697210907936096
58.31474947929382,-1.124955415725708,1.137654185295105,1.9865851402282715,-2.399700880050659,-0.6772041916847229,0.3235941529273987
58.415077447891235,-1.1301590204238892,1.1476389169692993,1.9828286170959473,-2.435391426086426,-0.6425741910934448,0.3274443447589874
58.51358938217163,-1.1287322044372559,1.1564854383468628,1.9753707647323608,-2.4537136554718018,-0.6334118247032166,0.31685423851013184
58.61338496208191,-1.1333208084106445,1.160994529724121,1.999382495880127,-2.4704530239105225,-0.6054739356040955,0.32947203516960144
58.71430540084839,-1.1423306465148926,1.1733722686767578,1.9770886898040771,-2.509725332260132,-0.5758023858070374,0.3463725447654724
58.814297914505005,-1.1491146087646484,1.168906331062317,1.9891289472579956,-2.492410898208618,-0.5425843000411987,0.36856335401535034
58.91458821296692,-1.135939121246338,1.1538164615631104,2.05903697013855,-2.464400053024292,-0.5560226440429688,0.36812007427215576
59.0146210193634,-1.1049444675445557,1.137824296951294,2.051677703857422,-2.444822072982788,-0.6498925685882568,0.2883676588535309
59.115962743759155,-1.0946632623672485,1.1382349729537964,2.037198066711426,-2.463149309158325,-0.663007378578186,0.26410335302352905
59.21447420120239,-1.0617722272872925,1.1391810178756714,2.031728744506836,-2.476287603378296,-0.739029586315155,0.20085734128952026
59.31491661071777,-1.0733507871627808,1.150916337966919,1.9892412424087524,-2.5083563327789307,-0.6713820099830627,0.24255701899528503
59.414751291275024,-1.082131266593933,1.1679939031600952,1.948748230934143,-2.551893711090088,-0.6279004812240601,0.2778644561767578
59.513662338256836,-1.1004444360733032,1.1527869701385498,1.969517469406128,-2.5087618827819824,-0.5202311873435974,0.35360902547836304
59.614245891571045,-1.109333872795105,1.155745506286621,1.9490488767623901,-2.524540901184082,-0.4902176856994629,0.3781627118587494
59.714364528656006,-1.1328092813491821,1.1528260707855225,1.9209026098251343,-2.527935266494751,-0.408090204000473,0.4308200478553772
59.81472396850586,-1.110932469367981,1.1636561155319214,1.9164642095565796,-2.5606679916381836,-0.46495944261550903,0.38291409611701965
59.914334774017334,-1.1219514608383179,1.1665452718734741,1.8631523847579956,-2.5778238773345947,-0.43659523129463196,0.3930794596672058
