time_s,x_m,y_m,z_m,vx_mps,vy_mps,vz_mps
0.0,3.4771251678466797,0.7092500329017639,0.22474999725818634,0.0,0.0,0.0
0.007035732269287109,3.494330276292943,0.7197811043183208,0.21935134616004354,0.0,0.0,0.0
0.09858202934265137,3.4812293350033565,0.7147927039551384,0.2731910761851931,5.783855799541776e-06,3.540239149220244e-06,-1.8148690873539731e-06
0.10819435119628906,3.484225767865048,0.7183689938141755,0.2670079484075551,-0.10887148209298288,-0.04145438867489477,0.4474228813340669
0.20006918907165527,3.4776129452201667,0.7149907646558153,0.350053246098777,-0.08340324763660922,-0.01139681393854117,0.3940154110817249
0.20624995231628418,3.4796956163186903,0.7208169657188547,0.34122781040611777,-0.06880734428434328,-0.030663367629986803,0.7701523090389326
0.2982363700866699,3.4750900588974045,0.7111585694692482,0.4394079592832364,-0.05070635768147215,0.019521990436919642,0.6921129945480727
0.3977935314178467,3.468010965065182,0.7013612494874109,0.5260725500240715,-0.047111122717040765,-0.07367481403594744,0.9266884932671648
0.4974403381347656,3.466571639437364,0.7005050197967727,0.5743509990622475,-0.06417252147230124,-0.09116875132095933,0.8828848016926021
0.5041048526763916,3.4661442510235143,0.7036566882962363,0.5730609076654886,-0.02839970180183278,-0.03180330532582988,0.595410469287461
0.5980467796325684,3.4665302088294023,0.7023545759220563,0.6220103242369862,-0.031412150170353814,-0.00901174024578253,0.584687979597702
0.6041660308837891,3.4670951903925955,0.7052920794766105,0.6229885567439151,-0.0036318996684061855,-0.012200628948984944,0.5109471826203287
0.6982913017272949,3.462935836432177,0.6989691781992344,0.6617934671332713,0.0008446627719728679,0.01105648481222276,0.5173175114419775
0.7049643993377686,3.464463544992804,0.7019585352911791,0.6616648899575142,-0.031349537943097125,-0.04526763465721839,0.4208582881220996
0.9022331237792969,3.4820883917137255,0.6917265065423954,0.7100451552491608,-0.019663207481301,-0.022450284595201105,0.41857449419231385
0.9982340335845947,3.494972651657712,0.6867710858824622,0.7167446293936685,0.08844997408869938,-0.051282994297405134,0.24187096212521786
1.0045886039733887,3.4829388527787533,0.6886476104163247,0.7207009757985091,0.11721632061976298,-0.050111022090654087,0.11800152297589113
1.1981489658355713,3.4650149990544152,0.6975078380260004,0.7495946849771215,0.03130563178496844,-0.03663690986816189,0.14586579173555644
1.2983555793762207,3.4571772800295486,0.6984052478505284,0.7560848759054083,-0.09567554169729282,0.04832678776915545,0.1446580147514068
1.3986952304840088,3.4444107225016705,0.6870307493655501,0.7682783985410323,-0.08409331497676555,0.02168389505107207,0.09074197564762018
1.4979755878448486,3.431628256036219,0.6839250306276913,0.7884016202400773,-0.11565249146222115,-0.0769087948094775,0.11328091095808909
1.5037267208099365,3.451704115961353,0.6884249715012196,0.7792420967928892,-0.12324503663769526,-0.04780414803405694,0.16885213627497597
1.598236083984375,3.4586924195072757,0.7032641779937939,0.7844779759507202,0.004138941103284943,-0.019217934710914184,0.11054681172298425
1.6049082279205322,3.4601868814903973,0.698408535480534,0.7803534378876821,0.05510156730240097,0.11060684015009803,0.06582849369879379
1.6989948749542236,3.4811957182910334,0.7020551317201402,0.7779110822964875,0.06652934448119423,0.07260862170799387,0.03363590905178347
1.7064769268035889,3.4712502257022297,0.702177102352453,0.7806473670638066,0.18217990636640288,0.04363908769679371,-0.01303706767312409
1.7973339557647705,3.4850366725383966,0.6847269536253223,0.7835434345477111,0.10160525169286085,0.04450211280863122,0.009030122188339207
1.8981256484985352,3.48944691125006,0.681000396094516,0.7954331241259526,0.12874240949454435,-0.11766470453135042,0.023822789550161275
2.000593662261963,3.494853943869115,0.6798643087884432,0.799937608000886,0.075184676255443,-0.06678690807258922,0.0841130994498924
2.0064077377319336,3.4896497947031175,0.6835757303056854,0.8007291676870053,0.06104201541778926,-0.029702355156762554,0.05796174520570966
2.099167585372925,3.4964527949956072,0.6814184356744497,0.8017567404925006,0.025982500224934736,-0.0047349534332497105,0.06312006091186284
2.203774929046631,3.472618984428381,0.6743685714316162,0.8006346456600162,0.058084217924371954,-0.017571536582582793,0.02308961234673973
2.297874689102173,3.473657147604644,0.6764354465414251,0.8027547638901897,-0.12406178996170147,-0.05001832146198946,0.0019619326581478483
2.3043854236602783,3.469290109120795,0.6746244365917496,0.8011520114252213,-0.03486511043248504,-0.0030923602901038946,0.014763210572208302
2.398042678833008,3.477591259183399,0.6770974301162939,0.8007744406531506,-0.06387842598844329,-0.015140624276567052,0.00407511506006638
2.4971911907196045,3.4641865724885195,0.6712352367835399,0.80659663825788,0.04537931570179726,0.014520171356596522,-0.0017629381785801259
2.602602958679199,3.453239835581386,0.6883989220590905,0.808786669215082,-0.07328284174554643,-0.03385227662726266,0.03790920702386021
2.6996238231658936,3.4565573187329535,0.6951900835313031,0.8033366678597251,-0.09570012662233873,0.09332465036256339,0.028011441927978532
2.70615291595459,3.45282835450196,0.6930446480321929,0.799749336037857,-0.005963189205676109,0.07567300497880253,-0.029461645010032067
2.9045491218566895,3.469261005290039,0.6792004466995452,0.7970238085974398,-0.03204367219130583,0.06035143112241337,-0.05445667082590217
2.998979091644287,3.4462549879158497,0.6617577255077594,0.8045691386938271,0.08781095704825685,-0.07561880547446137,-0.011626055394075518
3.00470232963562,3.4638434486229217,0.6672508078056425,0.8002902926074675,-0.11920099648127923,-0.14018341438568538,0.045110035336530824
3.0983004570007324,3.444217487002723,0.6638062432322145,0.7964786974259086,-0.0042622689264497915,-0.10414446446602244,0.01712597070909932
3.1045124530792236,3.45580427811385,0.6682584606795319,0.7936161142171986,-0.1581269900897276,-0.04845057086081667,-0.027116209066622914
3.2034780979156494,3.4541437193975413,0.6774765108202839,0.787520325284802,-0.06499873188818284,-0.012686886781570698,-0.05001228874749952
3.2974205017089844,3.4653738788247543,0.6789968779214041,0.7878139745703353,-0.02904388646530079,0.06512537698799756,-0.05809334837341757
3.399874210357666,3.4660972044856306,0.6759509281697562,0.7856724481129147,0.05672882181439484,0.03496233639054863,-0.02116732348852763
3.4978787899017334,3.462280213181265,0.6736480354808685,0.7817920695577371,0.028319911311785226,-0.002602575120536535,-0.021317577471059487
3.597266435623169,3.453449012397687,0.6723778259695784,0.7777512533485298,-0.016311052164544287,-0.01631289147991978,-0.03305314653790534
3.6982083320617676,3.4615712326556793,0.6682037075175629,0.7747959829860931,-0.05954809705018246,-0.014155481649926166,-0.03748984683242948
3.802677631378174,3.469367935712194,0.6603651806193526,0.776697554549438,0.02638133597853965,-0.030972696453506657,-0.03261610670273674
3.8074328899383545,3.4739037089466485,0.659411935658575,0.7775727341426466,0.061220258764188344,-0.06299246176075735,0.002260964110821745
3.8971939086914062,3.4555837113394956,0.6613423394778233,0.7907506271303091,0.09174043062097774,-0.06929426584792203,0.008171256055013969
3.9031260013580322,3.452400565577547,0.6701417904650434,0.7827161331097771,-0.09513928056768813,-0.009164810643349432,0.09230264986092462
3.998105525970459,3.440930872086719,0.6635947680941623,0.7901897062285238,-0.1165872528570506,0.050770326546712076,0.03737902038523661
4.004859924316406,3.443808271854082,0.6698498261439161,0.7828152979182688,-0.11536419242000413,-0.03938957386643977,0.0664668585767254
4.099114656448364,3.436527874224207,0.6636806959553341,0.7914852759633163,-0.09269083296939021,0.009346555188907209,0.00895699084508178
4.298395156860352,3.434207031713645,0.6544263621207351,0.7884957628145465,-0.07664562733048105,-0.048639018432541495,0.07245553251650363
4.40030312538147,3.4420386983529587,0.6507032508357724,0.7868130193724354,-0.01272103847507243,-0.04633461418746503,-0.013461618871321024
4.500669002532959,3.449398308844551,0.6470226093239968,0.7868676896766275,0.040282669624154964,-0.04101378522446258,-0.015414880752614516
4.507286787033081,3.448788143318598,0.6467133888396301,0.7858178307865177,0.06471714169569819,-0.03801414660511722,-0.003772529669546403
4.599238634109497,3.4570755916536453,0.6438747787967818,0.786252955888887,0.05995664880267219,-0.040107305808126964,-0.011444264675514574
4.6062726974487305,3.45460740481211,0.6510942945193514,0.7855451360449089,0.07631862936203374,-0.031964484439253794,-0.00033527876136373036
4.698559761047363,3.450906524108938,0.6502019999741535,0.7886290164254953,0.058691827089769597,0.0190800407205486,-0.0053304856447685955
4.704941987991333,3.4528119186287825,0.6542196874684298,0.7874049800116065,-0.01517021049163253,-0.0025267126327614166,0.022638438682937873
4.7984654903411865,3.448264252719064,0.6591299343472959,0.7871242358863126,-0.0003342146457027892,0.02864402950334948,0.01305859627869295
4.905513763427734,3.4438043090355053,0.6662429829229631,0.787861936068686,-0.03718708597731659,0.04551880565027122,0.00018613367390018024
4.999110698699951,3.4571618830898196,0.6429889435924889,0.7849403469149341,-0.042096536075991925,0.06287965152961056,0.005120768794793034
5.10295033454895,3.4543056227128344,0.6388519648058819,0.784244531988226,0.06204555485432167,-0.11226831935964854,-0.015241366019958544
5.198796987533569,3.4447785385816045,0.6429778149591471,0.7844673145473582,0.0069782224105637,-0.06928606925984288,-0.010223215758572022
5.2049596309661865,3.4453924618719687,0.655487952280454,0.7836747532080963,-0.06476451995761565,0.008276839065029698,-0.001487034047065074
5.311261892318726,3.4469778188746036,0.661873326543547,0.7831190346378826,-0.06040413940465201,0.09606334581070705,-0.007047845853378077
5.3993260860443115,3.4377135135808,0.6524196908353512,0.790448421533827,-0.008315082437024848,0.07404533339815986,-0.006028235613712979
5.406625032424927,3.445336192072384,0.6517835177145976,0.7901152105435689,-0.0654264347537023,-0.040030269909312036,0.0476780914452555
5.5010826587677,3.440898165038833,0.6537464587958748,0.7906591376758533,-0.013695966894335672,-0.044303774226633355,0.0453736250294905
5.512091159820557,3.445143587204516,0.6527702969486329,0.7927128702703143,-0.037981949645236004,0.006423837424562734,0.013657242380966557
5.599258899688721,3.426887434519898,0.6600676478381087,0.7944778080262469,-0.004265380828240906,-0.0013250282136532537,0.029916672360169812
5.606630802154541,3.4311354329601804,0.6609579610387043,0.7958229189447829,-0.136763578494727,0.0538835742500983,0.020851813057025922
5.705235004425049,3.42889688715367,0.6650295312126682,0.7912563628086038,-0.10495632129131034,0.06041045613442369,0.030815090988737526
5.803307771682739,3.444511169462735,0.6629999693126016,0.7798961103530337,-0.04737311515220611,0.04677586210059366,-0.022708847533642225
5.902387380599976,3.453514104727616,0.6578696140213701,0.773363485129181,0.08557633416293975,0.002974151451958146,-0.082105491728515
5.91005539894104,3.4480350845073837,0.6594846047780533,0.7733483502287599,0.08868518123617855,-0.034823272404195985,-0.07042838202712712
5.999297857284546,3.447933790997059,0.675106808229268,0.7723988079492042,0.05044921384124167,-0.02354619856881644,-0.0704796562639012
6.099506378173828,3.444186082018094,0.6990346933106119,0.777931852142836,0.01421134164662783,0.10286544652092282,-0.027524404580536087
6.198251485824585,3.428300421740513,0.7058918494930913,0.7852338416620351,-0.016872139362376706,0.18493223273600834,0.022300276155063414
6.204111814498901,3.4278051045261333,0.7056097677599672,0.786603214677366,-0.11162303316993123,0.10755390773324186,0.05616949226591265
6.301663160324097,3.4102168379921984,0.686226185066521,0.7912682336864093,-0.11449031472258403,0.10523231737301664,0.0651123813914469
6.308842897415161,3.4077189618498145,0.6865257370259221,0.7874340724433405,-0.15931750172997522,-0.11105464368777898,0.051944838961639164
6.3993353843688965,3.4011466773067993,0.6798848023250148,0.7906661755572201,-0.17690497833017638,-0.10851754139213086,0.023973754763497276
6.40751838684082,3.4007457529153036,0.6807614808934641,0.7858914686031071,-0.08963381989574605,-0.0756311201053691,0.030674748760862118
6.498298406600952,3.3870743272365043,0.6894043571557847,0.7950879144306467,-0.09249207767789704,-0.06842673286931059,-0.007223407307549688
6.5987162590026855,3.3735876570755625,0.700766599326464,0.8063532063140769,-0.1275667031676181,0.05342746071402363,0.07091689316764108
6.605034112930298,3.381524479885221,0.6860425382176069,0.7981757470625243,-0.13251474416334802,0.09348246252525241,0.09871423594055218
6.699463367462158,3.371310995695259,0.69536582685037,0.8143089871281773,-0.07939272462925404,-0.004715820542579505,0.04406885278580808
6.799652814865112,3.3864341529190796,0.694638556856956,0.8154799120407542,-0.09542359859704927,0.06321723214653001,0.12555715923954702
6.898818016052246,3.3976105061241992,0.6931487181142347,0.8117146408107163,0.05307811951536026,0.020772006425403368,0.05700024550743567
6.998674154281616,3.3855146976035995,0.692442935521216,0.8137312842553861,0.09225654697617769,-0.0030429778184657627,-0.006193911552850026
7.104362964630127,3.3754573799113885,0.6829812524361946,0.8083222456912896,-0.05309558534646869,-0.005775702126997694,0.011771742722088922
7.205926179885864,3.3777481014687876,0.6841256370054716,0.8096359230494177,-0.08270245631673775,-0.06136336450984034,-0.02947003508602421
7.300570726394653,3.37101951688966,0.67260171043646,0.8131747076240377,-0.009241047284462484,-0.010718808198524978,0.00016669265304839267
7.309576749801636,3.3821800725350117,0.6728286869724492,0.8155533005550424,-0.0513516097414016,-0.08652349608796508,0.0256977406038587
7.398617744445801,3.3788655972472257,0.6607991277425154,0.8145236640638449,0.030027548943673155,-0.08448939386692703,0.042879178663599485
7.4982171058654785,3.387693998297135,0.6664043847820892,0.8100562254009519,-0.016667589239785077,-0.1111385144126745,0.0036049540243407313
7.607634782791138,3.395355935000604,0.6567126096552341,0.8087489296895939,0.057088185578578476,0.006281913151432297,-0.03032742066915009
7.700085163116455,3.3910342123782287,0.6380755958562571,0.8165602368255221,0.06917784684837547,-0.05844710852407406,-0.019424317145146357
7.7989983558654785,3.3861702893084016,0.6398081068631181,0.8152596468332917,0.0038725076290825056,-0.1332529754713901,0.037389779657191584
7.805150985717773,3.3992085743208476,0.640430259137955,0.8141207611989983,-0.029844889195086148,-0.03662015457500299,0.005045492037675077
7.898526191711426,3.394233482698697,0.6406508069724622,0.8096600496647164,0.053877082484699086,-0.03262516481333618,-0.002267567212817197
7.905950307846069,3.4045384181128497,0.6408965763600346,0.8113741345524002,-0.03334337256497847,-0.0033112912628135427,-0.03790677752844377
7.999541759490967,3.4132553319313175,0.6419390601051057,0.8039646086711953,0.05352676013840887,-0.0012279368948398292,-0.02330883020650156
8.099603414535522,3.416552033524818,0.6578446214286481,0.8063057952347833,0.08012754855136611,0.007940891138416542,-0.06333459748943107
8.203347206115723,3.4207334156257927,0.6580849333455977,0.8064119234245697,0.0511852784931079,0.1011732906270449,-0.009941772551859046
8.299277782440186,3.426706828804858,0.6390171905618411,0.8033622554016201,0.045172849575513103,0.03830252248891418,-0.0029394395746372374
8.4010751247406,3.429807221841016,0.6345125620879172,0.8049213235556228,0.054353893427302936,-0.11085258136865901,-0.020841725921128477
8.500171184539795,3.4184446857298005,0.6364165087007267,0.8071490226163898,0.039425342480031,-0.06854216504671758,0.002810371598837756
8.505226850509644,3.4318697693983053,0.6321773907313938,0.8060516907239618,-0.06007224686300716,-0.011565934638759781,0.015458762517978304
8.600893259048462,3.412907367568712,0.6241011695902376,0.809088505409255,0.027353194586424226,-0.03912516370022338,0.008296830436015435
8.60589051246643,3.4270404339719303,0.6258816848659374,0.8072728651979368,-0.1376900653297003,-0.07091797946313289,0.02511571238357827
8.698034763336182,3.4155200573201734,0.6272104473743423,0.8034392199657907,-0.029668036276246923,-0.057168142528997316,0.011218843365554933
8.80106496810913,3.4171878550504755,0.6367252789643058,0.7974717935234199,-0.09618215870787214,-0.002741866383363871,-0.02719044337054779
9.005287647247314,3.4165933310931416,0.6475770510663308,0.7864135306622236,-0.016413832457684352,0.06624218720553945,-0.05001113653601155
9.098944664001465,3.416256665135974,0.6577169017638297,0.792417358743299,-0.0032070926070628895,0.054414581404785306,-0.055140873849194874
9.199497938156128,3.434907243179885,0.6519206825963698,0.784158977185634,-0.0033105061789216223,0.08204093272782854,0.011985815341918976
9.298911571502686,3.4336300630019294,0.6483957782214506,0.7856404535025027,0.11492862823739601,-0.0052473546651063685,-0.0469330746352827
9.305359840393066,3.4361549564547444,0.6368201542417494,0.7850599702099414,0.03559576168319216,-0.02387398586455905,-0.008575854547078189
9.400707244873047,3.4171844602978045,0.6403700297819236,0.7886205266996238,0.051228004630348656,-0.09582895256499332,-0.012168961729975428
9.407182693481445,3.4200753026563944,0.6396224507774996,0.7880436745980449,-0.11724567791993343,-0.004207246666208517,0.021231418758763235
9.498530387878418,3.409863815197054,0.6402861130785554,0.7860469445916627,-0.09650906477834881,-0.009437435993171678,0.017101835050208784
9.506377696990967,3.4160558085554387,0.6393532873345055,0.781877434017505,-0.10080029291458593,0.0021750903677938364,-0.009689628092475065
9.60081958770752,3.4128285709198636,0.6421552648444829,0.7786893627064525,-0.05579241711595545,-0.004585743034582897,-0.03987968623649274
9.60737681388855,3.416230274516874,0.6425492973518271,0.7794550743964863,-0.037087132475467084,0.02165111905942644,-0.033606085908606254
9.698181390762329,3.416589432091859,0.6495653407174166,0.7720376733623632,-0.009500174181695051,0.024712704675845805,-0.027265995493535995
9.705686092376709,3.412276979087864,0.6489095010467163,0.768181119716231,0.0007680328860241725,0.060624592605171904,-0.06433988427426868
9.79983377456665,3.4042353250876833,0.6581072571166837,0.7662207286424337,-0.03320932582132194,0.05518794891041669,-0.09443579155546661
9.897957563400269,3.39929540159213,0.6525955085774388,0.7660881996448878,-0.06748972244833214,0.08204413451345403,-0.04080145810309843
9.998030662536621,3.399190408939949,0.6490756397576422,0.7656506469734954,-0.056055169321372174,-0.004417689322594648,-0.01590769293293763
10.09943675994873,3.3977915025464327,0.6569865123885847,0.7646234133739449,-0.017935038106575353,-0.02575161661746422,-0.007915803297076765
10.198188543319702,3.4043709265438693,0.6606373367477779,0.7586514799106036,-0.015147981692260283,0.04794789628385035,-0.009565203569768426
10.300031661987305,3.4183587925685597,0.6520896489200136,0.7534337713338957,0.0357695018343759,0.040677950441015326,-0.04108464195899938
10.398768186569214,3.419312265730139,0.6485150448486307,0.7553552674977795,0.10573236849087579,-0.043973696115062064,-0.04859492346020558
10.406182289123535,3.4172449645052274,0.6440898067074677,0.7563363266248376,0.04271291632414739,-0.03856107704420873,-0.004189216994534721
10.499499320983887,3.409883492188957,0.6545074843063339,0.762750754685065,0.0290817898829763,-0.06745716512895088,0.002244625059223462
10.50857162475586,3.4121875863367115,0.6483705004723268,0.7535836058766756,-0.042612803099698185,0.05230617504832333,0.04551882039529337
10.59897232055664,3.3991382574199243,0.6579891360175366,0.7633207187690793,-0.0263386445694603,0.00916809449990369,-0.018807852429337968
10.605819463729858,3.4055185864553397,0.6563219452759762,0.755472468353171,-0.10905152332477652,0.07820887398169896,0.07321564246737376
10.702600002288818,3.4003789520810876,0.6581649643235638,0.7621121086505633,-0.05846288060251541,0.06498997628747272,0.010988078013972481
10.70937991142273,3.405847190655001,0.6652816039133318,0.7587997153653754,-0.05267385225404206,0.026972985529455415,0.05619543431074973
10.799386501312256,3.426427174021165,0.6663183404649239,0.7550454244087309,-0.0077910525812036335,0.08494710509184603,0.028896095646337414
10.804614067077637,3.4319827574235164,0.6669500996550517,0.7574462443306936,0.14678463310504927,0.031151750749603087,-0.019128497161760936
10.899640798568726,3.4315397653704878,0.6784560871007305,0.7537224208274583,0.1867636412463687,0.03567502454065531,-0.0017205310248711927
10.997676134109497,3.4319270839515084,0.6753742120255748,0.750375576548869,0.057866518914042736,0.08960861384539466,-0.025798892044316585
11.110439777374268,3.4245029187932152,0.6752791022100917,0.7547314769247266,0.020201622711918728,0.005611446326882652,-0.031139514410755093
11.204851150512695,3.416361008011,0.6600141408867802,0.7585923687861102,-0.045983674954592095,0.0010142912728267513,0.021202150284063307
11.298693418502808,3.428488933294213,0.6678188420497653,0.7556751371020622,-0.06711123586664403,-0.09136364703260472,0.03158578719376981
11.306484699249268,3.42083197635024,0.6600555621352827,0.7538715402147321,0.06776354925730532,0.029857507972035832,-0.011891933431818623
11.398772239685059,3.432870914450467,0.6680900077542431,0.7515213428708923,0.012539372236012494,-0.02602665022499516,-0.024823380323539174
11.404858112335205,3.427112863085119,0.6625968977524386,0.7505030760693386,0.10273583779523905,0.06271311414465364,-0.02386130727982477
11.501338005065918,3.4384310000696727,0.6568533483772891,0.7545693544459547,0.05408379345682473,0.016458616527836062,-0.03227576666724305
11.599679708480835,3.4421881448800695,0.6557518446015305,0.7660028008210517,0.09986945678666484,-0.04055818795360211,0.023959415682511746
11.698470830917358,3.4556816813686044,0.659039806532442,0.7656165825547737,0.061684152993449,-0.022447276409959853,0.07941799603361066
11.799055814743042,3.465321728803807,0.6560667174137158,0.7709426068551635,0.10823568719850629,0.012750483104807635,0.026412367643990665
11.898550510406494,3.4485322118553596,0.6465942306254899,0.7797782226420352,0.1002785477519636,-0.016003420479789043,0.044602255714962874
11.904315710067749,3.438059003450192,0.6508279944258188,0.7781405491383687,-0.06795424644032594,-0.06542838967203582,0.07210506351102372
11.998397588729858,3.431606672529803,0.648917047723438,0.7833415130775478,-0.13369076785793316,-0.03885459356576406,0.06182598233703451
12.004719495773315,3.4317887890053536,0.6547155142124185,0.7810071030042693,-0.0785957161364515,-0.023125960962985928,0.053961229253128476
12.100027561187744,3.442280465931196,0.6584072295967155,0.7834321456559918,-0.0771488195096688,0.022942257621024684,0.03541458183783605
12.198960304260254,3.459073559724335,0.6550493555091441,0.784818190872825,0.06929261245004174,0.03419155777401418,0.026444259857163793
12.298206090927124,3.4669667025582416,0.6653321042694587,0.7892939632156718,0.13475421674190935,-0.010905157731440282,0.018040888343881404
12.399592638015747,3.468443941655993,0.6689230597804905,0.7910502729158376,0.10046156291599595,0.05925912105274174,0.0345463153738758
12.40662693977356,3.45472825574831,0.6635372473228194,0.7893004166021782,0.04282953557077495,0.043563142557383125,0.02312768957778518
12.499317169189453,3.4387704878085037,0.6644004808144881,0.798938232765799,-0.05003591229964675,0.006991195329698011,0.01120986716378608
12.600414037704468,3.406369006125797,0.6817130139729127,0.815782323035617,-0.131635104672357,0.008235840601706578,0.07455469878804918
12.607843399047852,3.423367223449994,0.6734562142593997,0.8079657323448693,-0.2538838270826397,0.11312102031107317,0.13420481167185272
12.697944641113281,3.4152283158715844,0.6846179030661472,0.8123563712036584,-0.14507193656400377,0.060287689366029976,0.08413111855973544
12.704492330551147,3.424771834320453,0.676546491326545,0.807656941255381,-0.09493483780266654,0.1009367290538024,0.05245238121460729
12.800522804260254,3.4317139645632353,0.6752004301543757,0.8056818355552187,-0.01950749683201411,0.03714420550399311,0.01531036624648735
12.897016525268555,3.4339127092724153,0.6695933514141308,0.8077254953640923,0.05320292226390154,-0.004128526532388349,-0.013326589266714109
13.000165700912476,3.4285161663350756,0.6805166599590877,0.8099845482113174,0.03226377126239589,-0.03885827366992868,0.009267717839769641
13.099791526794434,3.4387257047998196,0.684853368527863,0.806448473594747,-0.02098691069638694,0.052617400416824334,0.017514251754651256
13.19788408279419,3.4515536923008097,0.6842822440623663,0.8028403256728517,0.064641908856165,0.046096568725322584,-0.019285296487659493
13.203850507736206,3.4382764997787794,0.6774944276683231,0.8021582624317734,0.10945381434247828,0.009658060479189656,-0.031113621625884894
13.304199457168579,3.427012432791758,0.6740741658753755,0.8010623420552558,0.016018590954511094,-0.0381096539711039,-0.03591348659652018
13.398662090301514,3.4243300398644525,0.6844174780875043,0.8061830534415679,-0.0713094322482254,-0.03531776068711521,-0.01885360471323705
13.404698848724365,3.42290033132878,0.6849908649494144,0.8045110858802977,-0.0395537453272633,0.06450527491561361,0.03154669426704023
13.497212171554565,3.4281163918604682,0.6836935609846151,0.8059221863415237,-0.049726014021450965,0.06838851619004169,0.019336689997658196
13.503159284591675,3.4277962257676746,0.6899298409298285,0.8054425804051011,0.03355894717981078,0.00197867693354796,0.015122055827013921
13.597382068634033,3.4317668329162934,0.6861643929024722,0.8064498235710238,0.030845317514513082,0.05309034482249957,0.01115061828632991
13.604900360107422,3.4275060860494224,0.6943903989581252,0.8079531775532416,0.03751889329499607,-0.014156412110168513,0.01038294931068039
13.698101997375488,3.419514833151519,0.691374370629415,0.8088419728903523,0.005870259124340763,0.04694598718165799,0.02154979439649281
13.798491716384888,3.4178177257321485,0.6884751447128128,0.8065119889817265,-0.05591497878392416,-0.008591658913063967,0.01242923790946713
13.898374795913696,3.4228040051268125,0.6868598611007313,0.8047119784627851,-0.028537376965882252,-0.02290194903603546,-0.012656168669560333
14.00417160987854,3.4282358854347286,0.6855862960611241,0.8085015699228658,0.026395434205494728,-0.018198133105817454,-0.016418440730297433
14.098649978637695,3.4137460337225565,0.6913037576198705,0.8009057281737673,0.043080098294339765,-0.01486944361027566,0.0162231235759032
14.10496711730957,3.415750658089199,0.6876913652336892,0.8011407607226112,-0.06502423950943378,0.026564804166312482,-0.03679700268832391
14.20006275177002,3.410395178512966,0.6857585401779315,0.7998395544043658,-0.05330429059592935,0.005616330320804105,-0.03536776861680036
14.206449508666992,3.4122093310544703,0.6866320815707817,0.7987734562223501,-0.0537663116912482,-0.014732806094407858,-0.017277045998007223
14.299952983856201,3.4135998722283887,0.6761050134394753,0.7960764170810878,-0.03862289217215613,-0.007498161300106299,-0.025925873586206558
14.306035041809082,3.4189612561343203,0.674903484284478,0.794684167844619,0.0019253241478965621,-0.08328392302369685,-0.02683712500359239
14.400145530700684,3.416681443291928,0.6803121711943814,0.7961508548340623,0.0434693192584799,-0.09232176791897592,-0.03753868723195178
14.497992753982544,3.4066119634015535,0.6919949555357988,0.8018067740011876,-0.0029269085366976366,0.01019455591346273,-0.0009968754855806602
14.599348068237305,3.3971622887823427,0.6955934537506476,0.8064111257863434,-0.0690047055835157,0.0822701852617961,0.03790085592136049
14.60588788986206,3.402798106177943,0.6805941207600085,0.801321873531445,-0.08705279573719057,0.05009963666269472,0.04371153220364313
14.698695659637451,3.4250579574585998,0.6859237115214655,0.79316948848627,-0.046963568064438105,-0.05537869078368825,0.00774395171990791
14.798562049865723,3.42508797799824,0.6908217600383971,0.7945494237145174,0.13573013686861607,0.018038913336576895,-0.052807160999335225
14.898098707199097,3.41249324086177,0.6890603098289095,0.8005953366805695,0.054885052624934566,0.036486954628859584,-0.013052729584119412
14.997484683990479,3.4226816612721365,0.6795460604824773,0.8015963822206456,-0.07026302893833883,-0.0009735099496203589,0.03781376621936372
15.003444910049438,3.4107890458802066,0.6858227753004308,0.7960830357837921,0.0470575113312168,-0.06509114816013753,0.01882534343896109
15.09950304031372,3.436764821942084,0.6878766184196808,0.7906627343069454,-0.03427171186577513,-0.02200010385950507,-0.018866007593047546
15.10684847831726,3.424210057662285,0.6840111439931008,0.7890947155789573,0.18846204488941196,0.010149404544586453,-0.04573485806515894
15.20006537437439,3.4356601308909607,0.6867512288475273,0.7923302939695356,0.09329310514660832,-0.01915206974692746,-0.05762091793165934
15.299618244171143,3.428052536658043,0.6788002970424182,0.804597970802791,0.10949580693245656,0.01621631447248886,0.010720266825249292
15.31022047996521,3.4302786446824274,0.6735644293862333,0.8025808223978393,-0.021306254369205663,-0.0511741095578398,0.08947616331366025
15.39979887008667,3.410287936053995,0.6767159843198922,0.8052528907997131,-0.005642299309612773,-0.08801616518410596,0.07528254754228347
15.502471446990967,3.420233605230547,0.6776479890684572,0.7925856072536867,-0.14551076077124445,-0.0020497474826096512,0.04039824973483261
15.598024845123291,3.4342972257981943,0.6746049402975252,0.7847714763508734,0.009771865312351746,0.0051562205446566995,-0.06549105891710871
15.704128503799438,3.432631799389475,0.6764820318708811,0.7889278989524109,0.10369914335346582,-0.0203842453840775,-0.07458501017984304
15.798479557037354,3.3982775505753504,0.6756900203056995,0.7967070144898839,0.024145609218421224,0.005455450837948423,0.002109686235641811
15.805635213851929,3.4088873497247114,0.6758150821433454,0.7962156667430897,-0.23192810281826542,-0.0038417676972931896,0.05484548996535469
15.898046970367432,3.391797142666852,0.6683065765765555,0.7955329517880482,-0.15676633334979573,-0.0029514439875637085,0.05119102487434152
15.9047372341156,3.3975653350116994,0.6674941816223648,0.7937466753960107,-0.16920841605716228,-0.06313377798220483,0.003007813473441194
15.998878002166748,3.3903910401408894,0.6695953206653756,0.7944172590758397,-0.12109317607121686,-0.06991035127369206,-0.011892368792652165
16.00517177581787,3.399795845333743,0.6663936218371044,0.7917624287201408,-0.08285134389950796,0.0005122743307703764,0.002512182971476925
16.09756827354431,3.387360707803858,0.6729194651832974,0.7966248122748977,-0.010022963343451916,-0.024280853853149393,-0.018046137109785625
16.200675010681152,3.380467160602551,0.6673714778267653,0.795734503159319,-0.09256945456424706,0.04034273667662898,0.030071906229820835
16.399620532989502,3.4026447228142356,0.6720988924423018,0.7957952253458029,-0.07646379797150671,-0.024782208197640543,0.0035757944886114224
16.405985832214355,3.4134338236716513,0.6656023574054201,0.7926543614272894,0.10312703086625477,0.02163497472530678,0.0004375488663795027
16.498071908950806,3.4052680740416403,0.6634000801529207,0.7942949514146226,0.154822117611989,-0.009492636992908785,-0.01461164150359513
16.505017042160034,3.4082476635913967,0.6665077488473732,0.7959545509673921,-0.014401725426134077,-0.018455540425348905,0.007583222114132612
16.598124027252197,3.392327311902772,0.6527962445539743,0.7957981364060603,0.007017730192100766,0.003893180566002293,0.019474833817180563
16.699264764785767,3.3922010484357696,0.6439527871824112,0.7943279123885459,-0.12578644179422455,-0.10877311965767855,0.0027226569302423835
16.707982301712036,3.3942423801369275,0.6447952441131926,0.7894938887920636,-0.0380854824092058,-0.09448243022826099,-0.009555195547514723
16.79787039756775,3.4035478325069466,0.6510859473597996,0.7893569367864878,-0.0235301918205151,-0.08817954138220374,-0.043648445883749616
16.80633807182312,3.401566857945946,0.649433057180294,0.7864190890471695,0.06219856322493981,0.02275571481936929,-0.012659069479184486
16.89869737625122,3.3926013608139507,0.6490625477637731,0.7965809330137823,0.04744916617434795,0.01052166238363288,-0.0342716094847926
16.99932098388672,3.377505348020599,0.6379219653309274,0.8086857071803932,-0.05405599079586466,1.383855290884757e-05,0.06639159270731877
17.100048542022705,3.3887628869803366,0.6331691797478164,0.8073402129990965,-0.12219699416004381,-0.07836604874799329,0.1048062746112158
17.19922924041748,3.420519719074102,0.6354906348875923,0.7922130786112549,0.03153901116599353,-0.05812272729866694,0.027330889532403424
17.29807758331299,3.425000158163967,0.630093720792738,0.7908968985132676,0.20019901701722814,-0.010163793786887504,-0.07798200117286547
17.304190397262573,3.4204817299757484,0.6326901660313916,0.7930400833926765,0.09635714514564658,-0.03947632399903454,-0.03466284625059433
17.39972233772278,3.4001888080661136,0.6207578461342238,0.8023456458022007,0.06568544695835427,-0.021908224591289042,-0.020154161136414474
17.411125659942627,3.4052734310483723,0.6187607250712662,0.8019512096521569,-0.12885096265455617,-0.09262006089467895,0.06186140441573038
17.499499797821045,3.3881224055157326,0.6247750467120858,0.8086899313509259,-0.09198304210824981,-0.1071009183599001,0.05900140069644874
17.508617162704468,3.395042302701456,0.6252005959998159,0.8012391762675156,-0.14948828250472684,0.014016912943538615,0.06503466635326108
17.600557327270508,3.393038688785551,0.6373175182868298,0.8033267997428782,-0.09887682158376378,0.0170632016681409,0.010813894943123264
17.61058259010315,3.396797679219141,0.6351070427744142,0.7981952871011058,-0.0382635826175626,0.0976936562125534,0.01864402709416546
17.700053453445435,3.3937123771931703,0.6425542349674561,0.8030387367382331,-0.009010190535392992,0.08019361785511936,-0.021157737933880143
17.802356004714966,3.379887012772037,0.6443942243820829,0.8122881005719916,-0.02522078296188521,0.07611921000417662,0.030386084589058497
17.89956545829773,3.3871721910034394,0.6329286234839523,0.8086135003269468,-0.1021771287681557,0.03693722166044419,0.07269225525691123
18.00095820426941,3.416634770179116,0.6224267207118742,0.7970430362307358,0.015808294979466092,-0.065241421900794,-0.0010806322006473718
18.01049041748047,3.405194551777764,0.6282057479166472,0.793061009454181,0.19044190266461689,-0.09011283185726233,-0.07287752452692499
18.10005474090576,3.401106784853082,0.621953915238498,0.79770090397209,0.1187832222008016,-0.053914443913061605,-0.09781994908289152
18.200849533081055,3.382047971521636,0.6331714293183572,0.8060515576946065,0.007479901091946642,-0.05996071172975148,0.0027259841254096973
18.209140062332153,3.396726307358923,0.630907618491978,0.8063607294737407,-0.11757552191578292,0.04869210364968289,0.053732098235941265
18.299376726150513,3.393825325032099,0.6419449648168588,0.8053388606776914,-0.024195945395616425,0.03418867427601333,0.0555119358348575
18.3068630695343,3.4004595422202626,0.6330765765433031,0.8031059219526357,-0.028004877504431123,0.09338922833700466,0.004698186597945422
18.400185346603394,3.394583666056983,0.6434083556629472,0.8073305480360158,0.023455130731590012,0.024599298695925642,-0.012622175687888013
18.407509326934814,3.3957361263965113,0.6377042866596504,0.8049473966487358,-0.04161716668824918,0.08692314047684978,0.03080736235265002
18.498250246047974,3.3819764068228606,0.6530572046804067,0.8101180268842901,-0.0323079867077317,0.04134291251999791,0.011786929555952907
18.600433826446533,3.380876534712284,0.6521817875292755,0.8058350337724238,-0.11202064546575423,0.12629879862777454,0.04200776150482309
18.700594902038574,3.4036904830919528,0.6430186880814853,0.8005712784118034,-0.0412226422578523,0.03162044965611582,-0.017516332508420288
18.706902265548706,3.4034078693894467,0.6327988677799042,0.802419190677034,0.13454622192820226,-0.04881506784795782,-0.04041748634893272
18.80146813392639,3.407747269561199,0.6330249961265644,0.8047973034661293,0.13230315110813975,-0.11546373882271557,-0.02822135905311713
18.898231029510498,3.3978320049366153,0.6405343887545328,0.8070734261070325,0.0708166188117134,-0.033830961636472284,0.007921387408139718
18.90385365486145,3.3953891998590278,0.6303984106284638,0.8099355472883024,-0.04073196659452881,0.0376541082199167,0.017659483312411513
18.997698068618774,3.390329730787561,0.6411620616382462,0.8066938169553526,-0.056663999246684416,-0.029207433591927234,0.03643605878775452
19.003421783447266,3.3919523414786417,0.6307701377208139,0.8097307768891939,-0.05194808962863442,0.08114136797229729,-0.01901620529925096
19.1025333404541,3.3773530123845026,0.6314568775597363,0.8101007802049236,-0.03871248707908564,-0.002955338773438815,0.005547901773803567
19.20041561126709,3.380268715791753,0.6313956039708248,0.8101361582092974,-0.12360249687619951,0.004790160226444831,0.004111630673079553
19.300296783447266,3.387306064946278,0.6416102566315112,0.8041768694251082,-0.022224166868208314,0.0012043692888580198,0.00161729125883966
19.39963698387146,3.3853712741740933,0.6459501611124643,0.8107107229935395,0.03747989905763685,0.06627465101336605,-0.03784188689300995
19.405819416046143,3.3884607632270782,0.6474216066996906,0.8155934213517761,0.0006400840357355594,0.051491100201453185,0.02907415249629694
19.502320051193237,3.3976539891070097,0.6460685188591936,0.816742503416479,0.02081935147689033,0.060911685607290336,0.06086159776484826
19.603726148605347,3.394343653467586,0.6453215080655548,0.8136123821024497,0.07619074840153474,0.0032403032057005815,0.02268597934249128
19.704590320587158,3.3927947280257107,0.6488995728140535,0.8123792852503917,-0.0030942578541496846,-0.004515844088845961,-0.01643014088262764
19.80031394958496,3.3668985526415236,0.6473743222996915,0.8093659171615896,-0.01122090477474555,0.021867327399396685,-0.013786619635615002
19.809505701065063,3.375005800660911,0.6428194952135506,0.8075120645277187,-0.17811376756646866,-0.0031241695576996603,-0.024807061488047594
19.899818658828735,3.360327623717134,0.6517486090810233,0.8118035141244624,-0.1226603595943245,-0.03391127643422338,-0.03725378166014156
19.999134302139282,3.35686171691312,0.6578574223186523,0.8200553729480559,-0.14110580220998467,0.05731964678051938,0.0220419719156564
20.098272800445557,3.3891287894146416,0.6436948972915051,0.823307370908381,-0.06811240295023989,0.05983329032303489,0.0633967713484899
20.200551509857178,3.4095888416949216,0.6403203232425706,0.8268462252968172,0.18595385032741069,-0.07115949185015968,0.043286586395532
20.299946308135986,3.411513850618683,0.6479628902526479,0.8295016163632488,0.1996042032218842,-0.044323582951359845,0.03765670501831096
20.30785322189331,3.403976635522416,0.6519238645764521,0.8333379044993213,0.06896124933122602,0.04304126939359087,0.02958516010879836
20.400123834609985,3.3831739005023467,0.647190161098607,0.8373543697805668,0.014285853532829962,0.07158711471376522,0.05726100773161295
20.40602159500122,3.3872404932871474,0.643649827825339,0.8340094975544143,-0.15025149990387815,-0.016246089251480814,0.04476965240587372
20.49830961227417,3.3641660778936036,0.6452396963807578,0.8386436419182633,-0.11957340244973419,-0.042397051333572036,0.019834736662330543
20.59757113456726,3.349252040718235,0.6530372655888457,0.8432778676796195,-0.2061921556590875,0.0025417454005237095,0.04044763570203751
20.71627140045166,3.37039765022753,0.656574281715805,0.8536424397811434,-0.16717667670656375,0.054203727482866455,0.04449571622614057
20.799152374267578,3.3903811282095146,0.6444903988233601,0.8513588626394973,0.058295098490088654,0.042850560488492846,0.07950659246490605
20.899057149887085,3.3811077955204616,0.6496169042196406,0.8531825652383097,0.1391006235468279,-0.05162773101597886,0.0199454237851309
21.009169578552246,3.3834958372195465,0.6504706905618876,0.8539074500207654,-0.02161660394109788,0.019844434647108743,0.01902778256239482
21.10051393508911,3.3843459289781257,0.6559200772099605,0.8524664688411104,0.010528923666884689,0.011803887195756108,0.010657230463297439
21.106582403182983,3.3847086097430115,0.6529867026161863,0.8529858224214749,0.009192771898479477,0.04082371576513366,-0.006315541053044948
21.201936960220337,3.382080231675457,0.6526409936105877,0.8540679310919865,0.011624107181142833,0.020725083413472522,-0.002760517826981369
21.29798197746277,3.378537392110019,0.6483274117747361,0.8566926378191899,-0.017048857866893467,0.002500556388646321,0.00751942347405858
21.49883723258972,3.3590320609514386,0.657133493410391,0.8436198411922886,-0.030341858910113116,-0.030528045632262964,0.021069047320935202
21.60021686553955,3.352937372594109,0.6550740222431716,0.8394787331827819,-0.09265163878234448,0.0390367597146756,-0.05948213106540429
21.800229787826538,3.343481486246095,0.6502113615231393,0.819626602285999,-0.07169245365737892,-0.001719423710650439,-0.0476017247086541
21.89806079864502,3.332125522838325,0.6547914522500264,0.8177159660450862,-0.04716884768994291,-0.02441995213438213,-0.09950725871400647
21.99749779701233,3.3274709847070225,0.6673463492005277,0.8136392626008224,-0.08580367251368744,0.016492679654001936,-0.05261630356343582
22.003365516662598,3.3300882468376125,0.6681460265799276,0.8119700015755479,-0.058144465033664605,0.09355449777921425,-0.04429174820849583
22.10005521774292,3.336538837728151,0.6649546820602117,0.7976695030177173,-0.03939157316892582,0.09884619241770656,-0.05593191344317852
22.106167316436768,3.336118817370281,0.6667010727421945,0.8017617718416078,0.03372636541203658,0.006989411505453624,-0.11750828659938292
22.200514554977417,3.3259270342657685,0.6483455086807844,0.7947387613526364,0.030765122086106905,0.019301880781271798,-0.08865681900833126
22.30036449432373,3.330460437192524,0.6401511681827854,0.7890450793214687,-0.059322417389317886,-0.11841116814776959,-0.07608234984928695
22.307658910751343,3.330048986145523,0.6463316387723811,0.7890188925269844,0.011591218158257866,-0.09355865715404992,-0.06301452290431092
22.397664546966553,3.333118858639134,0.6492567438012444,0.7836038330975527,0.008795599442953054,-0.05162701844159984,-0.06314355037471887
22.40482473373413,3.3279844031872057,0.6444854350410232,0.7837879717311952,0.026845546343118126,0.014695428998128021,-0.055992663667203735
22.501763820648193,3.3203124477722348,0.6373534720654134,0.789430631687916,-0.015504836131968115,-0.02461352630406921,-0.05422640036565584
22.51023006439209,3.32207283700073,0.6353513839935213,0.7809828032085262,-0.06293557816992959,-0.06084664574165074,0.031227119359484405
22.60006546974182,3.316900673374651,0.6176676875637628,0.7911934162938044,-0.04912837996019708,-0.07617121469269293,-0.034257775603702224
22.69923162460327,3.3475195575042163,0.6465678337771668,0.7855593118256566,-0.05110170792263839,-0.14714815357011868,0.061466857229259465
22.800094842910767,3.3712828788313343,0.6604431520687254,0.7744037807656953,0.17274442624836306,0.12610646315801222,-0.012342288252639118
22.897721767425537,3.3709449355029313,0.6581128883509897,0.7699505802321126,0.2177709271443155,0.1348795165301913,-0.08119338211086205
22.998924732208252,3.3622179842263415,0.6606854876165146,0.7775982341103105,0.05768764582358171,0.020383265565077177,-0.05464147804340608
23.00490951538086,3.3692703649760465,0.6584201936723288,0.7780086105390159,-0.037795682150557994,0.023895184373004662,0.03172680500213279
23.101413249969482,3.374710095127775,0.6633602529849116,0.7746632217965205,0.008649224536699723,0.008976624302163444,0.034429423538245144
23.10826873779297,3.377792342563244,0.6597217525881627,0.7757201879367459,0.041540016788854224,0.03804018307397221,-0.014355799899377839
23.19802951812744,3.3828168146312025,0.6601311394535007,0.771154877298526,0.0636975367722647,0.011883897137004808,-0.006757529849955547
23.303526163101196,3.3846391441215613,0.6589761802192514,0.774610172054672,0.05326044029238204,0.005832450764576708,-0.03699275540731603
23.313446044921875,3.3676146266974323,0.6596116633856811,0.7737842015387577,0.02794510121609026,-0.006728431204171713,0.014707539302044895
23.40080451965332,3.3792622019373084,0.6634153815598893,0.7783414492983103,-0.09522154854477267,-0.0021081158508437893,0.008678355476672698
23.50343155860901,3.3876926296673,0.6696688195398658,0.7764256557501137,0.04789724371649216,0.025091476920290318,0.033714591022981695
23.60072088241577,3.386147936644548,0.675819989659588,0.7764453997615599,0.0715882850582756,0.0494759132776178,-0.0007735768028009349
23.605039596557617,3.381555627907397,0.6692424657727453,0.7766617798019309,0.0088596460461203,0.05818426593413882,-7.372428259266102e-05
23.706740856170654,3.3725023818200555,0.6720427831404244,0.7814331770105577,-0.024259891949728996,0.010747439545143837,0.001486799492874653
23.799636125564575,3.3500911807307796,0.6835663713308735,0.7860445076388805,-0.07210201323087392,0.02318684658353991,0.03491911095142043
23.899935007095337,3.353031873649613,0.6769903712156832,0.7821577242824331,-0.16848257821143275,0.08147404353617037,0.04212610999232988
24.000169038772583,3.3628783489148493,0.6680893799526219,0.7809391878552807,-0.046632961355328656,-0.009152537909557543,-0.00772590432431855
24.008744955062866,3.3575194550278598,0.6664932976346897,0.7761028144612191,0.04287094800475855,-0.05843051371168908,-0.010481401343946987
24.10165286064148,3.354019698767565,0.6696894705431908,0.7810824670464322,0.009805692546138722,-0.06827860376317178,-0.04032261953939681
24.111292600631714,3.352600616193622,0.6656971060449999,0.7769751696265924,-0.025971086132212766,0.011813275175031362,0.0316611349070378
24.200942516326904,3.3535972491182675,0.6680322120277672,0.7800503906720854,-0.03729975492376781,-0.02005814367377671,-0.0011278041950061532
24.303348064422607,3.3635535471437996,0.6651037145524681,0.7792666194005393,5.942812064965719e-05,0.01425374321538244,0.024072217449553564
24.399284601211548,3.3818172440142593,0.6622328934089573,0.7791387802661903,0.07024520088150715,-0.01637216405498819,0.0017068725327197831
24.405508995056152,3.375087600589474,0.6670366254207565,0.7817891310375511,0.13707821712771234,-0.023674141108348867,-8.214122205120163e-05
24.499966621398926,3.3713571331435546,0.6632336872570109,0.7835907698539019,0.09689782842894516,0.005007292253769998,0.01574219261845284
24.599184274673462,3.3551377766564867,0.6562191428450761,0.7879801590773856,0.007558429137604503,-0.023705875111405154,0.017298420370207613
24.69878125190735,3.3723419638127026,0.6432582023049198,0.7843908500475165,-0.10811806551666334,-0.05525021779908301,0.03534886930234625
24.70552897453308,3.3588945249467304,0.6481486371380307,0.778570037584596,0.06719180796535462,-0.10219162391898404,-0.009192255320108936
24.79983377456665,3.3832311215571362,0.6594229692929047,0.7734194285463555,-0.0173250093818563,-0.0713692188983266,-0.04573351028638341
24.80711603164673,3.3685377251214845,0.6564140730892949,0.7750228174628861,0.18531573807326573,0.0717570232514931,-0.050211636689576136
24.898154497146606,3.369595735496918,0.6726507264896846,0.7804200825008337,0.07110269283716457,0.04836861202073224,-0.03774835553761289
24.99962568283081,3.350238111136395,0.6759577495588757,0.7969050749324412,0.022467260218360374,0.14028215505826563,0.03607529016811945
25.005382299423218,3.3475537361474617,0.665105366241028,0.7865258609114097,-0.12938218507873,0.06483649084776519,0.12655195957170226
25.106292724609375,3.352471940539535,0.6666821849917851,0.787858200422302,-0.1481499389969543,-0.011502799671348624,0.053490042660523304
25.198328495025635,3.370259307762289,0.6855608746950576,0.7980777814713,-0.009910236860524474,0.007542852803908241,0.02519842712420112
25.204524040222168,3.375480414925817,0.6707634033402909,0.7983166223192364,0.10296692235363064,0.11652629749345478,0.0715456394017346
25.298876762390137,3.3871019764763255,0.6802137737235835,0.8063257414113283,0.13435709223673561,0.027561423738087107,0.07298159054330838
25.399842500686646,3.3841565221277574,0.6789697422130575,0.8143736507437661,0.12221214207312169,0.07232004480679308,0.07772762723813348
25.500263929367065,3.3745710462064027,0.6760282433316763,0.8206125135474436,0.022729978203482742,0.01672768065795629,0.07961555664235855
25.59951901435852,3.3808568137805732,0.6673787035345341,0.8229553349903511,-0.05113174289287392,-0.012012094453207604,0.06889197910050825
25.608278512954712,3.377395106241459,0.66187912932989,0.8259905155860862,0.02572338767310585,-0.06218812385166534,0.03819314612480141
25.69804883003235,3.3737773368634048,0.6565434631164393,0.8278581208421296,0.002398161284130562,-0.09924463770121839,0.05864440427616387
25.802933931350708,3.371219807112633,0.6645192598128891,0.8289589721330829,-0.02631652467436632,-0.06511772345814029,0.028911067235316307
25.89876699447632,3.369079075023349,0.6800238378767187,0.8251581206003976,-0.02582811083177878,0.027119162377950645,0.017499935069791653
25.904301404953003,3.366078741584453,0.6791349569720116,0.8308299283359306,-0.02312680391687664,0.10573457885685535,-0.016595098296553368
25.999711990356445,3.357464699061497,0.6874969922280648,0.8295141808759938,-0.041561245163803946,0.10027317826687077,0.018253230595524243
26.005804777145386,3.3551291878976173,0.6807233452625044,0.8274700685059464,-0.07273642974259606,0.08862023702366577,-0.003715935176750493
26.09752893447876,3.356897968932167,0.6805103589618632,0.8306871479607427,-0.08890919601261492,0.04092438113363882,-0.018028971028510976
26.103241682052612,3.354548076201495,0.671545101891539,0.8224073599521912,-0.011915740084849594,0.009842768091318666,0.018304883179204805
26.1983585357666,3.3571609889208944,0.6702459385128497,0.8245119480538309,-0.028950574221611083,-0.055148142001303996,-0.04171692699631696
26.204421043395996,3.359510999674931,0.6689347486682062,0.8214484881778884,0.015412104095816982,-0.02117410348809741,0.008839236976032769
26.29962468147278,3.3540687868225496,0.6721100632508289,0.8190487937587496,0.03433221851064065,-0.031730592149945294,-0.015824910308607956
26.39826989173889,3.3463861564535042,0.6784096332837162,0.8125354930223992,-0.03686704071310146,0.01920087442610608,-0.02236881662287491
26.498862266540527,3.365828114246032,0.6779294189177113,0.8031834723229933,-0.06511483066219459,0.050148708779996894,-0.05259028860510882
26.599536657333374,3.359823978754376,0.6862276204894836,0.8072389807029967,0.09768533103039442,0.015686189997678006,-0.0782766936571572
26.804234743118286,3.3617771609874687,0.6811854079675764,0.7960087053471425,0.005826986903752315,0.05489333463948282,-0.009071535683131071
26.89823842048645,3.3505215260460077,0.6782565093551439,0.7885967829749149,0.009478948218679693,-0.019417423127018156,-0.05273621140974113
26.904433488845825,3.3606505614857207,0.6851872050375645,0.7920274108807499,-0.07509372956480373,-0.026247870857428485,-0.06752612380184433
26.998798847198486,3.3472442484406275,0.6755982020683927,0.7821002267035804,-0.004468241663013656,0.02198653846037819,-0.04345440114980864
27.004767894744873,3.3482748849726316,0.6773530153484024,0.7802117635152557,-0.10415523423070498,-0.06858897258140005,-0.08654575384453439
27.09907078742981,3.345975328129202,0.6747464736912965,0.777195218685517,-0.0959885856147634,-0.05492558358582622,-0.10089358749430791
27.198012590408325,3.3454406025390506,0.6767326814232605,0.7794011831103361,-0.042188141809698196,-0.03370186209767277,-0.04878481206709031
27.20396852493286,3.347422714767628,0.6623374881968439,0.77271552269852,-0.016331338608299793,0.0038905674274276256,0.0009357123006548951
27.298474311828613,3.35759805702138,0.6783088677926392,0.7703766211259063,-0.002421069291411851,-0.09713348749796222,-0.045983597084951776
27.307883262634277,3.354178410436546,0.6629747321464672,0.7656805196727403,0.07649565268653913,0.09751076179808191,-0.028831698850589962
27.40019965171814,3.3683091955169138,0.6654829347200376,0.7639823110437794,0.05059095899130876,-0.018649220568781752,-0.06440586322345748
27.406238079071045,3.3647881333162566,0.6656071712732028,0.7615227696451964,0.12235747760716187,0.015895300678828272,-0.026997331996531974
27.503064155578613,3.368745713361199,0.6490085897014797,0.7628630733673523,0.09452568118839871,0.016877312997388223,-0.04643846980889571
27.600664854049683,3.372677963039516,0.6633361648037158,0.7594911235133723,0.05373298752494479,-0.11879820287707178,-0.0020286718048482533
27.699702262878418,3.3842866968369636,0.670235939202154,0.7518730145565697,0.044959696206472305,0.04076125924031672,-0.02132322066794923
27.800076961517334,3.3856629115122883,0.6718135069788541,0.7519174079344938,0.08610486180395416,0.0571914389575089,-0.05300073899582228
27.903571128845215,3.4037599467494877,0.6663769910370998,0.7533294525926472,0.039133316009381004,0.030257436819604796,-0.01835742669102757
27.99901509284973,3.3908508741072874,0.673705564832138,0.7509134378597231,0.12777497867884666,-0.022746270486352613,0.0020001254555730083
28.004281997680664,3.3967117558667566,0.6703144107241505,0.7521001182076,-0.022366916529395237,0.0334571853243506,-0.013322326107754403
28.097692251205444,3.3926359788291705,0.6658285990065065,0.747912190270803,0.011973885199266815,0.01358731665389298,-0.006369182158740152
28.1993567943573,3.383045429838298,0.6527241306950656,0.7513043504382844,-0.02724790262756925,-0.02988434872954689,-0.03278289618730464
28.20565629005432,3.3808310005203372,0.6602236453003636,0.7477328477290845,-0.0758489711007692,-0.10149572027775489,0.01444938952906652
28.299596071243286,3.381511606174014,0.6511930721750057,0.7523054987752961,-0.09152642924337853,-0.04840153237081684,-0.010835718365574322
28.305870532989502,3.38032680203488,0.6521749285719364,0.750243735302406,-0.01877305747424053,-0.07933045095328524,0.030977267348486902
28.398637294769287,3.3856999165910837,0.6471150385332985,0.7535343189521535,-0.027529645445289637,-0.07207379845631881,0.015739294565021197
28.49767518043518,3.3807496627414357,0.6470381563983574,0.7606132426445686,0.034158232475427645,-0.05574969644142914,0.02876377078852166
28.5983247756958,3.374947701287039,0.646461950838036,0.7650019348620153,-0.02115614965049,-0.019432792744412057,0.05659828912947705
28.70009684562683,3.3821722437380544,0.6533174417856914,0.7641765660270499,-0.04397444345968187,-0.010952727548404281,0.048687975873780404
28.799559354782104,3.388845952954789,0.6501956220328037,0.7616415294790126,0.027706875986325784,0.03809850732575908,0.013586377498128313
28.806699752807617,3.393420625491042,0.6485933330985716,0.7632303746099438,0.053137234366194025,-0.006607322626763654,-0.011566868465156328
28.89810800552368,3.398908241662247,0.6392354269354104,0.7607292881579483,0.08273717588564525,-0.01700482614280631,-0.001211231825637711
28.998937606811523,3.390741739786559,0.6377874293258402,0.7619379967747865,0.062237742912363024,-0.07397801516692407,-0.018908235679466954
29.005985021591187,3.386746400238063,0.6318760207766297,0.7617835260986462,-0.033249607463374874,-0.034225147777568285,0.0016899550206322424
29.102709770202637,3.379261931646327,0.6354857354415155,0.7638505149994097,-0.05966321040164657,-0.07330608103229758,0.000668733405885631
29.200489044189453,3.385382534343774,0.6412738787507752,0.7632186123180679,-0.07116514098045319,0.009472589299878417,0.015805404728379872
29.29753565788269,3.413198447616635,0.6385839433271397,0.7610218276225916,0.022237282803837036,0.043605549189840685,0.000191451006434553
29.303661823272705,3.4097372747102015,0.6302252522351007,0.7681683951718119,0.17573403099773516,0.0013275499247918723,-0.013098846839424649
29.40176796913147,3.414267731589144,0.6338015429831951,0.7707220291999456,0.15497518549715117,-0.04880481319530478,0.029763643889661042
29.412095546722412,3.4085732884918,0.6308571600390284,0.7731083214082038,0.07897266699710546,0.00981283442243374,0.02683800083517867
29.498602151870728,3.3854115889993484,0.6445252410988169,0.7808876837724266,0.03949655070934201,-0.01059878467932606,0.043380715741526646
29.601512670516968,3.3665176531186773,0.647988613091538,0.7867974791939576,-0.15748576512468937,0.09640871280870233,0.0683791907360411
29.69935131072998,3.3576233696498323,0.6373213466294257,0.7901419279078693,-0.1790076604315153,0.054342987726163874,0.06208614167527095
29.800520420074463,3.366019946474894,0.63788511482138,0.7882028416247354,-0.11822377298046721,-0.054281946383037405,0.04275532881133313
29.899335384368896,3.3725392459805317,0.644697334594689,0.7899640495167601,0.008384140969666332,-0.01676165908422629,0.0038405075818500195
30.000787019729614,3.3742241458177107,0.6424104322779636,0.7910469258766137,0.0433693193417144,0.035505435161730985,0.012322076918736975
30.008108854293823,3.3800699292632945,0.6376171748283361,0.794915722299527,0.026924130003218458,-0.0006290880440031066,0.011385638656881098
30.098816633224487,3.375384701869297,0.6371796990283887,0.7925711425426464,0.06307269937353385,-0.03026915272319184,0.03530911395751968
30.10537886619568,3.3804043836976696,0.6345704945327211,0.79562697546349,-0.018728331600972786,-0.011016950746642114,-0.008411765230399042
30.200292587280273,3.3881399253383835,0.6401992421614491,0.7915770165143092,0.018657935147373635,-0.030450137671885823,0.014347881421165259
30.300783395767212,3.3982844273254136,0.64171337833691,0.7891996732749748,0.06252231430218258,0.03400483868753014,-0.026440192047428358
30.311376333236694,3.3895495623910357,0.6358314705394293,0.7891997920619386,0.08945113570554268,0.02057705324965048,-0.02441505333957138
30.401771783828735,3.383139811651521,0.6324252380600581,0.7901505335266604,0.028196018757578406,-0.020671088847406066,-0.024414220320467316
30.410410165786743,3.37634519063327,0.6348546110841081,0.7912090114084892,-0.044717177431175786,-0.03122915962468029,0.0023963802978208895
30.498895406723022,3.3571504080013743,0.6396019323830252,0.7913050036133472,-0.09837788012302123,-0.012043120665188995,0.010755737908810738
30.507243156433105,3.3606884105981663,0.6439121004556648,0.7912083612511467,-0.16700916866406557,0.031144424137461785,0.0037023046637726835
30.60068655014038,3.3660118464298256,0.6505274739802149,0.786769713542946,-0.13975788321079935,0.06225800693870882,0.0029655626463131325
30.69911217689514,3.3883015047276435,0.6301810343110894,0.7792427526367254,-0.005675157356600624,0.06517197218641706,-0.030032422128405727
30.79994773864746,3.375537212142623,0.604115393530451,0.7816875115227868,0.13808109085351028,-0.10384474120855743,-0.058450279961778435
30.804888486862183,3.3747445084391927,0.6127601168838923,0.7837307795855049,-0.03336224104383667,-0.20511365124164482,-0.004973025161837272
30.898588180541992,3.34388317641523,0.6071819394323267,0.7949607716110614,-0.03847882496772424,-0.14931543515500423,0.008215449266449354
30.9044668674469,3.3499791520049245,0.6213467722722976,0.793279747119179,-0.23392973861889688,-0.08154696661627663,0.08352769618878532
30.998574018478394,3.3479724544699514,0.6247968828700552,0.7931853688213699,-0.18981840054448973,0.020951759137764994,0.07136356616862281
31.004656553268433,3.3523086319276105,0.6324991605395887,0.7888594070306633,-0.06378792054620333,0.031050875495794127,0.017669208994067494
31.09873104095459,3.375201475115219,0.6319796367790291,0.7810584144366408,-0.031541267190581784,0.08833005294723678,-0.014501473976526728
31.104453802108765,3.368186976144557,0.6305879558892653,0.7843863550036604,0.18140789572132657,0.012439037449622922,-0.06658799605622678
31.200273752212524,3.3715186632291516,0.6423457182381127,0.7830342102261231,0.12382054286267327,0.0010377960629159612,-0.03928635478932239
31.29823136329651,3.3555764767495115,0.6535875981112937,0.7862744875762833,0.052996114682985485,0.09110863314670445,-0.019095420922718976
31.398294687271118,3.3473416833457317,0.6490655145310344,0.7818904698479219,-0.08281487969665466,0.10480186997109345,0.013825894544483661
31.498046159744263,3.3573268131369627,0.6469943927372881,0.7727589400448167,-0.08297805052777928,0.005053472811076987,-0.024667541594550656
31.6979558467865,3.3880016478837987,0.6236946816727381,0.7545033091341931,0.04149271486886451,-0.01244559902140377,-0.06969742603844292
31.798581838607788,3.38087279448775,0.623945678826261,0.7556632221171496,0.148860822436087,-0.11228896450168409,-0.09043600147384555
31.89830255508423,3.349086219753628,0.635899089663293,0.7612915682234526,0.02945627845336897,-0.05001307743664449,-0.03508724328396351
31.904759645462036,3.3499849075233086,0.6406855954541787,0.7624531719741711,-0.1971816779300269,0.06041915452809858,0.02437961672773075
31.998695373535156,3.3385852613162563,0.6511074830371164,0.7607424074029221,-0.19116531176710208,0.09164977991633808,0.031951645192271456
32.004289627075195,3.348275761995539,0.6390420244474005,0.7576520667547968,-0.13672544307169565,0.10058395258137885,-0.002706904175717721
32.10184454917908,3.371999277048044,0.638401047996959,0.7487845178697661,-0.06783725278547467,0.014979288989478201,-0.024564786203973638
32.11054968833923,3.364873548260544,0.6332678177009221,0.751672851605789,0.17368327915598322,-0.0019176940794100941,-0.07545818820187372
32.19883322715759,3.372985475861682,0.6333779729677016,0.7495157150635758,0.1164592943075448,-0.042670758343601345,-0.05224438255565971
32.300543785095215,3.372586448700781,0.6281794707682841,0.7528191049642221,0.08681947569879343,-0.0063477739961619595,-0.026705834160666197
32.399922370910645,3.391900019829599,0.6198714293939798,0.7456737813024141,0.02248317093053702,-0.03866658240117836,0.01560968437314349
32.500372648239136,3.399683078734802,0.6247431624220817,0.7435821961236838,0.12961126981957977,-0.0667252758260871,-0.03889794756110877
32.59871172904968,3.397905478869606,0.6192113445677416,0.7484830466778228,0.09494855400742583,0.010667845032006962,-0.02685733821782832
32.708704710006714,3.395584967951429,0.6259687502157846,0.7563324183506633,0.017713820291726107,-0.03426547733159652,0.024893953863960518
32.79857063293457,3.401941140924542,0.6151296075127182,0.7544175048172602,-0.006626438480648009,0.02634561764419325,0.056937734394982877
32.80508995056152,3.3937786430582952,0.6178613538835525,0.7528901235874911,0.038336736927813156,-0.06002167774949999,0.008000339100095823
32.899309396743774,3.4034843787710543,0.6071911615242901,0.7480949850477905,-0.013922689242560182,-0.042531995041817094,-0.0017785383855820017
32.906527519226074,3.396168382248116,0.6045225283325586,0.7484972667856554,0.07094670217494604,-0.09163584138601383,-0.03709284113027872
33.10351228713989,3.3653651767939285,0.6222782059365984,0.7626185805921247,0.014993635290095952,-0.11204566675975798,-0.034016172502192285
33.199296712875366,3.3666502973643557,0.6267099098657642,0.7667407357070555,-0.15981537462026804,0.09574285218383742,0.0742158420685107
33.300172328948975,3.369085775819267,0.6196770991296502,0.7709535075638535,-0.058972023345593316,0.06572637397273288,0.0549623498951976
33.39749503135681,3.3625423740955824,0.6241504346533181,0.7764693268981161,0.0015418884328372504,-0.03328138918133752,0.04594441161696999
33.40423059463501,3.3877415566101847,0.630257423630063,0.7742202736993749,-0.04283568352906633,0.018429885268170715,0.0520208191773521
33.4977753162384,3.383094010564668,0.6467769227892837,0.7747611095196366,0.12412801610074639,0.05889331984843705,0.03711913566009922
33.50416946411133,3.394660465066397,0.6414325257780153,0.7754945487326652,-0.008642793312655134,0.14083741890027768,0.012359602527379394
33.59964418411255,3.381515294864561,0.6518134117881789,0.7793809666057749,0.08088772807147304,0.0994689381068663,0.018036812871845564
33.70520210266113,3.3845646787236774,0.6410528543119471,0.768744330959584,-0.09541189660595406,0.10303330977422508,0.03531920289693534
33.7985053062439,3.390865975912554,0.6403241765131351,0.7737872223353842,-0.0065362940139883086,-0.045818650260484164,-0.06490411925604724
33.899880170822144,3.4020651820046655,0.6447429905102989,0.7755836682221754,0.03509077670576745,-0.02266465502347889,0.004243173685837945
33.998865365982056,3.4017214674047627,0.6411019923950779,0.7778015165688295,0.08449466354938334,0.01999847234703355,0.01304734629405429
34.00416660308838,3.404363354561965,0.6397633222745155,0.7794779367964989,0.020304017037225675,-0.020956542244034204,0.01957058085917456
34.09879994392395,3.375103397736823,0.6249240088799219,0.7940421137152387,0.03942409698281762,-0.030644874183629215,0.03170330525963313
34.10471534729004,3.4005425471842976,0.623255862771909,0.7883277047647249,-0.20743487992881818,-0.11819154610781288,0.1164174154702565
34.1991229057312,3.392231191398935,0.626809356919503,0.7920901232685165,-0.01829455993495324,-0.1305942284112269,0.07393073014661286
34.20908832550049,3.4044283311871304,0.6236273626875091,0.7870521365786074,-0.06866192725573018,-0.002710988940473058,0.04629124591764161
34.298322439193726,3.4059045697922707,0.6354654674601796,0.78245365438224,0.026160681774478042,-0.027395881697136942,0.007079479581329269
34.40045690536499,3.402171259617677,0.6468766229302342,0.7856395124052873,0.016735181594296503,0.09146330215435546,-0.036170598832685065
34.410027742385864,3.4075332626555754,0.6414233823102838,0.7878889125800493,-0.020514806095794265,0.1071278896146914,0.010688259155493846
34.49779677391052,3.408504356371231,0.6478765571331685,0.7886162709017708,0.016436679036004057,0.06954765359766943,0.02618968213599254
34.60328674316406,3.4167071958155484,0.6504890307492808,0.7865769650957607,0.011623533000639945,0.0659802779213346,0.01264499408090555
34.80631232261658,3.426207314242774,0.6511188939014521,0.7963685431539301,0.06125547835780836,0.03820442748636085,-0.010565294270377001
34.89968919754028,3.4018330852750185,0.6461808372559726,0.8059856091476477,0.04741639411437326,0.003039982678048017,0.04909506128406391
34.90653371810913,3.4138086536952446,0.6535169118400302,0.8032830986418195,-0.1428704585125622,-0.031230216583335427,0.07997215648384239
35.000547885894775,3.3977587776183116,0.6523717779563657,0.8044852083848391,-0.06456601460352139,0.016738048522951014,0.06230129737373871
35.09933876991272,3.4115398049324344,0.6475326862383226,0.7964090756816619,-0.1399429120558662,-0.005459092757083384,0.02266560271943311
35.198665618896484,3.43346383230308,0.6357472337642908,0.7889023516976048,0.05124806032848436,-0.0348778711104017,-0.048383300552787285
35.29816913604736,3.4406091133621453,0.6367074948849774,0.7907813320689053,0.15623423344966755,-0.08679601209801832,-0.06532086346911638
35.39894342422485,3.4497718913465474,0.6429136698905754,0.7978803464623679,0.09731700433114993,-0.01974661733098891,-0.006811508271510204
35.40837073326111,3.434992823171401,0.6465233277220931,0.7954940632796309,0.0930400708708495,0.039589504298889,0.0495997440113747
35.5012629032135,3.4507098272290166,0.6311321101122606,0.7903183225147665,-0.014097477765061248,0.06575691126258233,0.0323009178932645
35.60447335243225,3.4441760903245884,0.6246194454031051,0.7872230526455849,0.10262900774098818,-0.08394273843392165,-0.02498078441973986
35.608798027038574,3.450147372250569,0.6241875333122242,0.7880457394838121,-0.002777667229520539,-0.07173998555714829,-0.028572423272150718
35.69976043701172,3.4357828706018987,0.624510325608656,0.7870764404992171,0.03449606963537171,-0.07443605280431934,-0.023437074931475455
35.70619988441467,3.4431272550089997,0.6208142163579674,0.7888416479590584,-0.10408893796426527,-0.0140318847507023,-0.012749954628566231
35.80349636077881,3.4361870611579706,0.6330743207874825,0.7844689867424689,-0.04694974501964183,-0.042787555466319224,0.0009833311098057847
35.89797759056091,3.4391294374656862,0.6390024223006692,0.7856058795879268,-0.06327463330525729,0.0775072599405098,-0.03153515811186133
35.90386438369751,3.4354999627021194,0.6387436841838916,0.7830055962938287,0.003131388896831594,0.06486183184079476,-0.0008143266241604323
35.998103857040405,3.4343475770932455,0.6396584386988721,0.7843808151855662,-0.023085889964595468,0.06284784161155572,-0.019590446849490416
36.099280834198,3.426946959915932,0.6300844666808314,0.7882001490847936,-0.013546685024413214,0.018407815843646702,0.008061509221508431
36.19988989830017,3.4336916105076667,0.6232128891517562,0.7904803767821243,-0.05646172699814431,-0.06264659446408329,0.029448612469583673
36.301939725875854,3.4355539736880436,0.6333083768665541,0.7843435577370178,0.017651816753941313,-0.06630956056807596,0.025486467659951707
36.398685455322266,3.4289351733606863,0.6384205271241503,0.7817067623532155,0.01813416188652638,0.035682421421552826,-0.027419781412574448
36.50772500038147,3.4396095325729523,0.6411795542048144,0.7784181817497369,-0.040962703891399777,0.04673451823494085,-0.026844141868167855
36.598976612091064,3.446416493412218,0.6413831597875597,0.7758247922740038,0.05255469783364254,0.03460497741110102,-0.03066329609853276
36.605528354644775,3.4444923119375144,0.6410985720376938,0.777043009997525,0.06375883810489885,0.011238772734673993,-0.02729740266272423
36.69783067703247,3.434839530720955,0.6404391908891236,0.779873283576202,0.04985052901543091,0.009179751754484065,-0.018506171377357696
36.800392150878906,3.415729107883541,0.6327223037891049,0.7862137859025906,-0.0703197174101693,-0.003763956233509483,0.01991806387351234
36.89848065376282,3.4318874626030547,0.6250596328619348,0.7803230245887053,-0.15288172274623424,-0.05420776947983308,0.04968062303493728
36.907203674316406,3.4180158560026936,0.6268093556175629,0.7705514151885305,0.032933836600007926,-0.067837692618035,-0.014501773445560584
36.9999725818634,3.4429553478444173,0.6331001746187394,0.7601863216163095,-0.04958672337959144,-0.05730145198485266,-0.07255654118547264
37.00678086280823,3.4316046186541027,0.6313329855915261,0.7580224105903403,0.14987018569290214,0.022797208469483896,-0.09349932157431853
37.10482215881348,3.4487688196865944,0.6327147165169625,0.752957263664645,0.07391033918245216,0.010971480228045444,-0.10788468395202377
37.20048928260803,3.4608431184272708,0.6373779662600545,0.7534194543638472,0.14861481190268572,0.013151128765998547,-0.06421101840285985
37.2992103099823,3.4513686000785744,0.6314811406028513,0.7566974878144873,0.12963031065372715,0.0360792483746774,-0.01713250831013719
37.39945650100708,3.446431555786708,0.620620521603057,0.7578955572546026,-0.010616826119106776,-0.023215941927007135,0.013994460954020363
37.502031564712524,3.437639342809206,0.6251867197847693,0.764130306970204,-0.036723608576506354,-0.08073910796382708,0.012709619049009508
37.59859085083008,3.4327317090958576,0.6322725430687304,0.7687596469314663,-0.07161923254582858,0.005255365152128891,0.046520533294446775
37.60412669181824,3.427254649327733,0.6269200780414753,0.7632288328630347,-0.05809413705284346,0.04446460650368773,0.04635197787091467
37.698798418045044,3.438243159701281,0.6270036728514744,0.7619739966849427,-0.09078001320852866,0.012332815268406752,0.013148766485183101
37.70821952819824,3.432224027556867,0.6253396515274346,0.7607857058536306,0.06499266194350631,0.0034380347391013578,-0.006793031401543147
37.799593687057495,3.446410753484372,0.6193031768908807,0.7594141382541368,0.017676729401634207,-0.009576948051423341,-0.016045277006146864
37.89896011352539,3.4671614395035704,0.6033923392596341,0.7560623059743736,0.12085877484778423,-0.05178128688659739,-0.014165374992533307
37.905200481414795,3.45445719735653,0.6083813079322881,0.7557511561759537,0.18289675177733222,-0.12923442921618067,-0.028101475900484486
38.002902030944824,3.4548241104326216,0.6083097170405037,0.7538910907999344,0.09083443322510065,-0.09308146409846445,-0.030356248088235067
38.09955096244812,3.4378667634489894,0.6086958208658981,0.7572810432441162,0.02871718818689961,-0.027238388366464028,-0.022092567685634022
38.20017433166504,3.4305022492550794,0.6022814308181282,0.7645466761599946,-0.10616569600836243,-0.006077172507804079,0.01599883340103595
38.206339597702026,3.445044505513039,0.5972574405188125,0.7596719471984894,-0.0828273200394545,-0.04655703092720724,0.055434943048937896
38.297783613204956,3.4486580710829537,0.5924842019482233,0.7594484292429649,0.018643320798997387,-0.08161263070449122,0.021420835274778102
38.304582834243774,3.4589786538578964,0.601368013593896,0.7595234863327619,0.03142591115277525,-0.057649456010148106,0.004449014046390254
38.398622274398804,3.4571749489788464,0.6039479208736634,0.7557735556178272,0.10601769815574688,0.006847940708754649,0.004977045245608871
38.40654635429382,3.4596789635873266,0.6071640157846834,0.755920812156596,0.01679223092203863,0.02056582464926822,-0.025692592012870226
38.49861264228821,3.447690976810053,0.604132051490961,0.7580120802190324,0.034880446871631256,0.04379861555629855,-0.024609406921201147
38.59915566444397,3.441399912586943,0.599798356473823,0.760664836245842,-0.07974303092909704,-0.011103871102613759,0.009110138042547223
38.70101594924927,3.4433842864750477,0.601843067571737,0.7659536293085822,-0.06770978076866553,-0.03301524446279319,0.020928652412481215
38.80067729949951,3.4274614693187835,0.6091143307457452,0.7734944057899611,-0.013472285133671595,0.00016393219890022126,0.041057765018592554
38.80722999572754,3.440575245524437,0.6117791114327829,0.7719280424284443,-0.0984829792368741,0.042516044880008805,0.060867415315454164
38.8972647190094,3.4299000182210513,0.6210382476293267,0.7732673215358647,-0.021926282903749664,0.05807272379938576,0.051723168659538646
38.90340709686279,3.441382014578261,0.6172667461682447,0.7714765829825885,-0.07915888740695033,0.08169106797493034,0.02627323947205531
38.9987952709198,3.446410504238676,0.6217516963111182,0.7666432193963473,-0.0017569275398429535,0.05621804121547665,0.014189397946991651
39.099743366241455,3.4532842238660537,0.628152362857215,0.7616126630500029,0.03604740327661232,0.04799395446580416,-0.031221301128332962
39.199951171875,3.444901474051537,0.6185305205585048,0.7641307241296023,0.05835753815140246,0.05892825324487618,-0.0442479244963479
39.29939270019531,3.430343572283389,0.6111437781641061,0.7680664928265131,-0.037546543876229146,-0.04572104239579549,0.002573257865710561
39.401623487472534,3.446509030589363,0.6247141939001014,0.7647598375501461,-0.10513268453569771,-0.06330761431972205,0.025592216787257472
39.40984058380127,3.446706567952806,0.6162685063059857,0.75749121494384,0.05117725040193308,0.05320337812243399,-0.008790453710530121
39.49981641769409,3.458212348413803,0.6181219741521857,0.7623186733769206,0.052330009553719865,0.003917291189003233,-0.05120759993676487
39.50564956665039,3.458446273075689,0.6108885213529002,0.7595946187047992,0.09940036737294485,0.014827898679407769,0.02250018996812722
39.60171723365784,3.4513183044404574,0.6137401575195833,0.768436966781069,0.10084986960893806,-0.039119170085777005,0.0021342178324047258
39.69898176193237,3.44793702571244,0.6219419687580936,0.7655499357571044,-0.023928394789414845,0.009912499637260257,0.06490009500015988
39.79873466491699,3.454645602366643,0.6304082061292167,0.761852486356654,-0.030152873170426944,0.055455709872992746,0.005608615215502585
39.90016555786133,3.4499405498905444,0.6255973706545727,0.7637846458244577,0.03726412721270665,0.07567531590487576,-0.02391138005306445
39.907641887664795,3.4544383013510425,0.6197744824227948,0.7651451191679732,-0.022101077833386468,-0.01146332444533707,0.006524830416208563
39.99958825111389,3.4399575540723166,0.6175553059981269,0.7680281380935111,0.009736403187457922,-0.05253127295522046,0.01610568824012785
40.00959324836731,3.4508818304897595,0.6160176094986882,0.7676229862072596,-0.10167614925258273,-0.030848311608952766,0.025342115121734947
40.09904766082764,3.454317072359218,0.6276023977925049,0.7649462324621298,-0.022522695346515784,-0.04185585691821087,0.02234249179321883
40.1084098815918,3.456703165705208,0.6232985100981561,0.7661410146433957,0.022350822499499337,0.08263784821399714,-0.016394934302511856
40.2023766040802,3.4560896804417442,0.6349554633029906,0.7655364779660747,0.041160223297439485,0.04823121823215625,-0.006868992375100044
40.20903491973877,3.4571977192548697,0.6306704253336866,0.7654871136199191,0.0022035389045891585,0.1049942014611072,-0.006217600742574677
40.302921533584595,3.438933406462387,0.6402589807293023,0.7739220789150993,0.011376618995201886,0.0690176210234804,-0.006599199138991549
40.401689767837524,3.422594777820272,0.6320135594320838,0.7838298589079581,-0.13549010192292824,0.08958266859367657,0.06224209286669533
40.50102972984314,3.436604106995125,0.6282485759526238,0.7821677641644801,-0.1532898001614421,-0.019814997109918533,0.08569868992394962
40.507845878601074,3.4375889586999646,0.6324204167076319,0.7852109053110213,0.042860642173571134,-0.031751504195383314,0.017303493119543406
40.598830461502075,3.448650022603802,0.6300204297079217,0.781162380763594,0.04941864254355153,-0.003798809364713735,0.037660724539988776
40.6052029132843,3.441095229082268,0.6420303139621728,0.7831952774342207,0.09606837597231728,-0.01919244505703024,-0.02186034872559034
40.69824290275574,3.4198369850784163,0.6340456231943414,0.7838050052342906,0.0381544490380125,0.07243206129177689,-0.0062896578206948165
40.70559024810791,3.4241977211391186,0.6401362206335459,0.7794227955644386,-0.1434049272537422,-0.037708510281813046,0.0026685742890428504
40.799981117248535,3.419203374664733,0.6264555786185096,0.7779814762507173,-0.11181184551787493,0.006417238224518999,-0.029080081524131683
40.80664849281311,3.423223586658554,0.6381950964603812,0.7789382112561034,-0.06305344592590391,-0.10655752002167335,-0.017522146772521195
40.89735126495361,3.442407803054289,0.6293768048685368,0.7761987396959581,-0.031112334369829873,-0.013557350520264994,-0.00991194195286886
40.99922323226929,3.4485957793883464,0.6280865020745515,0.7773242355146961,0.14460035252863052,-0.0722738933854511,-0.023640507925306347
41.09888577461243,3.435768689096605,0.6355674935591643,0.7806591048016189,0.09223461697171384,-0.03449981179844462,-0.0013252000933379922
41.202120780944824,3.4323168677665405,0.6375288621003719,0.7801746009740346,-0.043276596712212984,0.03260980178312828,0.019905537038215182
41.20845007896423,3.435943167586901,0.6307247760620041,0.7775745180315411,-0.03740607729133144,0.023713885299425842,0.002716687440151959
41.29801535606384,3.44294517830523,0.6305979962798659,0.7763153992729697,-0.012051382968301803,-0.023859544972878607,-0.015462809977930942
41.30473780632019,3.4374183344249296,0.6324170274486076,0.7753697822329618,0.0505699351851413,-0.006491137079615898,-0.013176040997362784
41.40106248855591,3.434551429163347,0.6391105685097308,0.7726746719139999,0.008451229923379967,0.007371247912164414,-0.02038235372505756
41.40695571899414,3.43466412457595,0.6417603563749551,0.7739697352783789,-0.01771375112899952,0.04935830574474111,-0.025014616728748638
41.500800132751465,3.4169037965484215,0.6457405470097312,0.7732725724251021,-0.01691936956448854,0.06803646292414972,-0.01588581159131627
41.51081395149231,3.4230467196829433,0.6471562896911155,0.7741151141257395,-0.14144258040814386,0.04669068098316205,-0.009104409763542745
41.600130796432495,3.4123817355285526,0.646023967710081,0.7752344405315029,-0.09315716856958772,0.05746459168561367,-0.0025277569030878163
41.69940996170044,3.4167895570644307,0.6381984109700225,0.7705125863598292,-0.10419965413328165,0.0034408424653571135,0.008286433485559411
41.79999494552612,3.414466317710196,0.6468807724330995,0.7699056801967895,-0.0054791542729158565,-0.050967342839458536,-0.028676978418573026
41.90061664581299,3.4082767252204147,0.6494514517906192,0.7741684431377523,-0.016458595760710966,0.034297160659393526,-0.014676843739402316
41.90694236755371,3.4122115312274137,0.6482155096295346,0.771189805876266,-0.04690796339479728,0.028288611615898792,0.023963679514306068
41.998849630355835,3.42492744999068,0.6408452519884192,0.7712167674856814,-0.020443320754409463,0.019975935575678734,0.003930018251116753
42.00523114204407,3.426145991690919,0.6445594967496644,0.7680547319125703,0.0894383984919425,-0.049710075063317115,0.001230647532095886
42.10083222389221,3.4461363275969275,0.6542726968780052,0.7597329412535092,0.0985223700698418,-0.022021163113977716,-0.022341661293130886
42.198888540267944,3.4545460998691158,0.6586933845645011,0.7521438640177665,0.17121819162010998,0.06438361113616595,-0.06625121272287851
42.30056834220886,3.465188737622945,0.6539119559060311,0.7458848309298021,0.1129688958630379,0.051039688538725536,-0.0732005277042027
42.309823989868164,3.4513995727926416,0.6551301279822705,0.7484001938277514,0.10773005998263524,-0.018311513199135376,-0.06535591974222076
42.40433144569397,3.4559140524818828,0.6412487251074481,0.7538697186406961,0.011413469748961985,-0.009802645392768195,-0.047786242353322475
42.49854016304016,3.4389872499452396,0.6354383730535684,0.7531991891576948,0.034459414884092016,-0.09771267398107143,0.02166306280174636
42.50516891479492,3.4468981680415935,0.6363091300385698,0.7532365595295885,-0.11246978545307049,-0.06912936916923637,0.0012005190357606936
42.60091519355774,3.4342139048697313,0.6361321508822749,0.7517283801125938,-0.05528446350832762,-0.06278965430411429,0.0014692739546866684
42.7984414100647,3.4452235403515297,0.6543856712829407,0.747980353221814,-0.11345675724859694,-0.01239238521695727,-0.012088407042811203
42.898860931396484,3.450028871246046,0.6540014062219637,0.7487827525554556,0.05832722044665298,0.09324635093147773,-0.018858481711400435
42.99812865257263,3.4512983701496767,0.6501615769597356,0.7500961314260215,0.052328515882981666,0.03361929563712356,-0.0023039851838136186
43.003942012786865,3.4512038760656543,0.6449316723949827,0.7529293945158442,0.023358852229021714,-0.019021912244795866,0.008980308522573572
43.103615283966064,3.46053181341128,0.6300236735411265,0.757030638889786,0.022668142666272498,-0.05725017946922938,0.029690196661800394
43.20078206062317,3.4601340245327603,0.6378603286069254,0.7566372801172518,0.07641648529401533,-0.12713472289399033,0.03829437256967991
43.20843315124512,3.465120136354491,0.6335068167352801,0.7583822206937182,0.01943112124158216,0.018134655881195727,0.008372902779985335
43.30082559585571,3.4537582715190807,0.636472808555228,0.7572819596143913,0.054499589168348996,-0.012484591519997878,0.020645470028323384
43.399258852005005,3.4449638683680717,0.6380144665928822,0.7547343618980544,-0.07527322778763637,0.02005597120105997,-0.003708039612656016
43.599016427993774,3.4209836819575625,0.6358369676297824,0.7735880787215144,-0.08438689653345614,0.01667950539938232,-0.019469191795301218
43.69931769371033,3.4180393494363064,0.6336227262738017,0.776671591766492,-0.11763901156755127,-0.00906245531338833,0.08678030994385788
43.70548629760742,3.4322846191798986,0.6328286088218863,0.7731904075106809,-0.05950908850769045,-0.017659668114089186,0.04989582927304603
43.80403161048889,3.4582365370829615,0.6284089871491038,0.774420185611422,0.03464897763768203,-0.02284242656050952,0.02677443768412719
43.89838099479675,3.4412897657480483,0.6311997227726939,0.778667191172,0.1946627217264152,-0.038103290269512494,0.016570824738445213
43.90498423576355,3.4498207821566176,0.6273499015745256,0.7763428357627699,-0.06138362655465007,0.008315789886587002,0.034758253638937704
43.999335050582886,3.44659984636884,0.6225471176904532,0.7788772004426254,-0.0014321681795881613,-0.01873871150689019,0.018423916686386804
44.09934043884277,3.4588302382363434,0.6105242151561605,0.7782653598639798,-0.02623254075031681,-0.04235132741870752,0.024011663560772174
44.199557304382324,3.449208997941299,0.6129493551379186,0.7812742143076371,0.08167000403240607,-0.09893664670983252,0.0021280277630698653
44.29808449745178,3.4329773106560584,0.6200400514180463,0.7805157721185417,-0.025801199423207535,-0.024499536649563655,0.019017189924114032
44.40221548080444,3.4207965974158343,0.6249134727200031,0.7790049302907084,-0.10876697722394432,0.033515952455470586,0.0028315374404697113
44.41068911552429,3.4288120490851535,0.6267958391871206,0.7780273156000567,-0.11839574359824744,0.04459438985861772,-0.010156314818695191
44.49882364273071,3.4430143209863235,0.6353240708471009,0.7680877420421662,-0.06034541034915721,0.05822705901079343,-0.017236497062045067
44.50526762008667,3.4438684493708283,0.6337836227653425,0.7700013004757765,0.0866279397286337,0.07793283634947189,-0.07694158850309349
44.59831500053406,3.454403645631739,0.6294579271689751,0.7676425496118598,0.09283336262855611,0.06674115606334263,-0.06303918279958763
44.69900131225586,3.4439453990350146,0.6193628106980489,0.7727200366907174,0.10176217746820113,-0.012721948700314595,-0.03449447664041444
44.79910326004028,3.424642933946113,0.611879693861817,0.7774658848684939,-0.04724996480477256,-0.0764173158630026,0.02708030794704539
44.8085834980011,3.4390562391707977,0.62151665235388,0.7721567586374762,-0.15253798086574671,-0.07526340289279318,0.041796551106745655
44.89711308479309,3.45707712522505,0.6285762463445698,0.7687011049675726,-0.048430623829117114,-0.005655616001405309,0.0034487126707372015
44.903852462768555,3.4504728141086733,0.6322767221755696,0.7704136641310989,0.12870840948725792,0.05343438851309205,-0.026002052820321534
45.00223660469055,3.451223501667205,0.639515692600062,0.7714223298289348,0.07752279324880215,0.08211431174014308,-0.012729147503589198
45.100422620773315,3.436207462737953,0.6437223471604838,0.775563810949902,0.02320176435044509,0.07447795637261266,0.0049561306493055984
45.200581789016724,3.4325218145853715,0.6436065828084327,0.783717042028273,-0.0989729108147791,0.051624118300832675,0.03064817297353994
45.300363302230835,3.4357530965611645,0.6289795852999817,0.7854996785618641,-0.06006450262426213,0.01854918197822336,0.06256758024252466
45.39814853668213,3.431251323896599,0.6198775694617663,0.7885011589840139,-0.0033015094393875413,-0.08288606686347084,0.035135558750020925
45.4992458820343,3.4193900980138654,0.632430359107007,0.7944256195519178,-0.03146079501190452,-0.08819886011853134,0.031602075121741284
45.506059646606445,3.424992288389447,0.6348763842179195,0.7904566925665212,-0.08626637449478824,0.04630349454427568,0.0489722094872098
45.59834313392639,3.4138690789751758,0.6295804128344805,0.7926438140790658,-0.05102460434076557,0.06169073577861069,0.024004830087340508
45.60637855529785,3.422027384104872,0.6333844431227422,0.7899555424848734,-0.09894183536304471,-0.029400124631440157,0.0223320694970666
45.697155714035034,3.4123933973306397,0.6210313651002491,0.7926342520157992,-0.03372686978436927,0.0009517637225981562,0.000877444708900648
45.89922261238098,3.432624463955992,0.6394927177903,0.7876593064750183,-0.08327768535473928,-0.0973835534801008,0.021347656762434716
45.998754024505615,3.4444218760998906,0.6404134951990375,0.7878098184187953,0.08455390933856921,0.07522227356686156,-0.02071369875596506
46.09759497642517,3.444300921204545,0.6414724837242785,0.7938302911516831,0.10413793103902969,0.036832594325858385,-0.00778710423646947
46.198843002319336,3.445490785126024,0.6451848701755252,0.8021621621254228,0.029154150344262178,0.018134153824738503,0.04050134537999368
46.20499801635742,3.448760118132179,0.6393521458191114,0.7979851572179402,0.01776486539881504,0.030663129771354436,0.06875129929508472
46.29750943183899,3.4673029139350646,0.6356931707019624,0.7990500730504538,0.039338250141476724,-0.007825334512310322,0.04118844969504215
46.30366015434265,3.4594419808721986,0.6385493466850178,0.7984588678625256,0.15501291109311818,-0.03060109910677062,0.016967647580160453
46.39871668815613,3.462013598254032,0.6357989119276345,0.8025450414255758,0.0927526246048574,-0.007979568870627982,0.012285174891564141
46.50837278366089,3.468671711603983,0.6192111907992823,0.7962234540543975,0.03907032361043263,-0.023700576800585408,0.035296003081542474
46.59951901435852,3.466105326042904,0.6330310308278846,0.7931203364962521,0.0583906046983526,-0.12398754213070712,-0.03431866173031187
46.70243835449219,3.4680973379995104,0.6401462466127404,0.7917596543664718,0.005732897701749826,0.040308443390646154,-0.032283396642870506
46.800122022628784,3.472397040778517,0.6408978960036942,0.7905275536562689,0.014466985755828138,0.059300063841576045,-0.02079022515966602
46.80667519569397,3.4625725279147823,0.6477495938047523,0.7929540679557371,0.03511960262588064,0.02196302287506275,-0.014703002361812583
47.00074076652527,3.4679744242009294,0.6411374115587258,0.7865013603505474,-0.03596423106095645,0.07149847454511496,0.0028587516804139644
47.00709366798401,3.4648957736449,0.639155792778332,0.7977631674298958,0.027218537673547497,-0.03341333632943165,-0.0323723772438783
47.101324796676636,3.4496617402285437,0.6319249047487093,0.7948246572607992,0.011778148399137567,-0.043351770330275874,0.02410908503117072
47.11141109466553,3.456738034329828,0.6351625432463498,0.798950009214343,-0.11589204587887025,-0.06582935564986384,-0.01752650874021821
47.19910931587219,3.4416399155394677,0.6398340019587491,0.8007536308974789,-0.06084993811707085,-0.04064577162548952,0.014562048283026291
47.30539870262146,3.4331463875034007,0.6491151244097149,0.8060076484412699,-0.13380627847774773,0.03000419328650998,0.017381984084035042
47.39970088005066,3.4256107490879697,0.6622266015663937,0.8061610469900722,-0.09862295976559422,0.075512962909693,0.042857784126711894
47.504314661026,3.433601513151197,0.6560823352505057,0.7968327503231687,-0.08240750227848449,0.11441793686475706,0.013992128503054407
47.60029363632202,3.4287464030873918,0.6459377502691408,0.7993371314542383,0.023853034430646736,-0.000706546442243397,-0.05624202676879565
47.69975996017456,3.4170860124394453,0.6454527355668468,0.8047709588314934,-0.023155855841320926,-0.06602109585737724,-0.0033873987804639294
47.70654296875,3.4290748906140056,0.6384208594375235,0.8041028768525658,-0.08400265226185574,-0.02626046993391718,0.03418433170181809
47.799026012420654,3.41604769887319,0.6466089425204787,0.8041110928002116,-0.005964979511381738,-0.07203216268215344,0.029835671044586783
47.80525779724121,3.4287550522443038,0.6389163899464577,0.8037153471155588,-0.10068017353000128,0.045078476121734865,0.007229174994520589
47.900290727615356,3.424760719121739,0.643014476380468,0.7991374097156998,-0.0037285509679839263,-0.013593726190186041,0.004204994165377686
47.99843120574951,3.4254473388029854,0.6440429586266035,0.7964639662576466,-0.030642206345071147,0.026980982164779038,-0.032949870908237144
48.00460886955261,3.414980366046151,0.6428113858305297,0.7911107319155629,-0.00507738454040136,0.015594943106878966,-0.028700334581137618
48.10253620147705,3.411818414096451,0.6584525603439052,0.7936032326069906,-0.07637710880171927,0.007205621494240521,-0.06516590503440711
48.10939025878906,3.4078339752342353,0.6496756547570892,0.7926246982916227,-0.041751177937751495,0.12273900669919366,0.004566092024428259
48.200440645217896,3.407719552643649,0.6527087666839713,0.7960256824278433,-0.07260275702356628,0.05477927480114067,-0.0030107161191320507
48.20691752433777,3.4136605738625727,0.6479935883548485,0.7894186969327824,-0.019612135598680275,0.03672100745130182,0.024524739807139474
48.301064252853394,3.426417185806064,0.6410236942021825,0.7754404452946346,0.024612262862859946,0.0016033517139892317,-0.024659383356001225
48.40099239349365,3.419229553928839,0.6441575898156843,0.7502178170825771,0.0968101303260828,-0.0484261239360668,-0.1053953846613065
48.49862480163574,3.423082612638839,0.6383840064342908,0.7224201976479351,-0.00461638077656,-0.00046312006993551313,-0.19350456380529057
48.599611043930054,3.441404243474058,0.6324139950470063,0.696174473150899,0.024217257436569634,-0.0387401684465718,-0.25006649644734485
48.60609769821167,3.425005468042999,0.6399053431114812,0.6830717753181081,0.13960339097507055,-0.053923027901935594,-0.25886412379385315
48.69965696334839,3.4167381815060383,0.6525349609664217,0.6391393945983146,0.020577376378156917,0.00045086774785427913,-0.3539664629935796
48.70590925216675,3.416466916318792,0.6454411284740573,0.6544556486938718,-0.06116337994279736,0.10009817790639644,-0.4218117535777053
48.800429821014404,3.4190689421021214,0.6367054830420701,0.6046955154056355,-0.06331131514121274,0.043927709971649236,-0.30053441012746634
48.89892816543579,3.4193669077348803,0.6247806957090181,0.5394706627953014,0.0043312092430337346,-0.05559718681499735,-0.4507906424372087
48.998512983322144,3.4166923767937156,0.6172506288245617,0.49666693115639665,0.0034014405567128992,-0.09891782893921344,-0.5874091003059816
49.099194049835205,3.4205051172988292,0.605027450595105,0.45952744515915506,-0.018263130083324784,-0.08212009580235055,-0.47391056736149884
49.106019258499146,3.418452746044828,0.6151508534716701,0.4488934416081054,0.022595029510693868,-0.11093621469439602,-0.3984871839532823
49.198211669921875,3.414189225500843,0.6085277567880373,0.4094880825574281,0.007741696989479378,-0.037671561002378326,-0.47544713477484724
49.20424175262451,3.4160353294200365,0.617680595455611,0.41788615671286505,-0.03476527087099413,-0.061772719192184744,-0.40680567263978723
49.29823565483093,3.4163584868544308,0.6154871078174214,0.36977992487419503,-0.019188010459383696,0.015458118112206667,-0.3359434710512722
49.39875650405884,3.4161855896327187,0.6309749686711793,0.31292118160821886,-0.00042784932977820225,-0.01583883697326595,-0.4575814730445267
49.49979829788208,3.402226645851802,0.6392147141558251,0.2772990312415961,-0.0013725930902471141,0.10813093189733428,-0.5381123443237393
49.505937576293945,3.4101809133352403,0.6343416948541003,0.2750011415305506,-0.0979758800186386,0.09016093223064599,-0.4110628188189541
49.59821009635925,3.402235524555255,0.6261725688330491,0.24272933071855413,-0.0423815857433186,0.05610222479674619,-0.42712332433678896
49.60680603981018,3.4109679595640947,0.6235388024200204,0.23610180140758272,-0.07046891207796997,-0.04842437472012291,-0.3476915333688251
49.697935819625854,3.410870633053447,0.6132429743313825,0.1983880357228975,-0.00424841087163863,-0.068396963322799,-0.39794994494450986
49.705668926239014,3.41325550381607,0.6136434071520047,0.20737120679261334,-0.001673692224645701,-0.09597608294671665,-0.3829289745973056
49.80116128921509,3.4170523214100452,0.6097573247174501,0.1771370628394042,0.017197068518885063,-0.09271966728066754,-0.3115018672991451
